canton,source,url,title,type,depth,parent_url
ZH,zh_social_services,https://www.svazurich.ch/,Startseite,page,0,
ZH,zh_social_services,https://www.svazurich.ch/administration/kontakt.html,Kontakt,page,1,https://www.svazurich.ch/
ZH,zh_social_services,https://www.svazurich.ch/suche/suche-nach-stichwort.html,Suche nach Stichwort,page,1,https://www.svazurich.ch/
ZH,zh_social_services,https://www.svazurich.ch/unsere-produkte/ahv.html,AHV,page,1,https://www.svazurich.ch/
ZH,zh_social_services,https://www.svazurich.ch/unsere-produkte/ahv/beitraege.html,AHV-Beiträge,page,1,https://www.svazurich.ch/
ZH,zh_social_services,https://www.svazurich.ch/unsere-produkte/ahv/beitraege/beitragspflicht.html,AHV-Beitragspflicht: Arbeitgeber,page,1,https://www.svazurich.ch/
ZH,zh_social_services,https://www.svazurich.ch/unsere-produkte/ahv/beitraege/ahv-konto.html,AHV-Konto: Individuelles Konto,page,1,https://www.svazurich.ch/
ZH,zh_social_services,https://www.svazurich.ch/unsere-produkte/ahv/beitraege/internationales.html,Internationales: Arbeitnehmende im Ausland,page,1,https://www.svazurich.ch/
ZH,zh_social_services,https://www.svazurich.ch/unsere-produkte/ahv/beitraege/schwarzarbeit-bekaempfen.html,Schwarzarbeit bekämpfen,page,1,https://www.svazurich.ch/
ZH,zh_social_services,https://www.svazurich.ch/unsere-produkte/ahv/leistungen.html,AHV-Leistungen,page,1,https://www.svazurich.ch/
ZH,zh_social_services,https://www.svazurich.ch/unsere-produkte/ahv/leistungen/altersrente.html,Altersrente: Sinn und Zweck,page,1,https://www.svazurich.ch/
ZH,zh_social_services,https://www.svazurich.ch/unsere-produkte/ahv/leistungen/hinterlassenenrente.html,Hinterlassenenrente,page,1,https://www.svazurich.ch/
ZH,zh_social_services,https://www.svazurich.ch/unsere-produkte/ahv/leistungen/hilflosenentschaedigung-ahv.html,Hilflosenentschädigung AHV,page,1,https://www.svazurich.ch/
ZH,zh_social_services,https://www.svazurich.ch/unsere-produkte/ahv/leistungen/hilfsmittel-ahv.html,Hilfsmittel AHV,page,1,https://www.svazurich.ch/
ZH,zh_social_services,https://www.svazurich.ch/unsere-produkte/ahv/leistungen/auszahlungstermine.html,Auszahlungstermine für AHV- und IV-Renten,page,1,https://www.svazurich.ch/
ZH,zh_social_services,https://www.svazurich.ch/unsere-produkte/ahv/leistungen/13-altersrente.html,13. Altersrente,page,1,https://www.svazurich.ch/
ZH,zh_social_services,https://www.svazurich.ch/unsere-produkte/iv.html,IV,page,1,https://www.svazurich.ch/
ZH,zh_social_services,https://www.svazurich.ch/unsere-produkte/iv/berufliche-eingliederung.html,Prävention und berufliche Eingliederung,page,1,https://www.svazurich.ch/
ZH,zh_social_services,https://www.svazurich.ch/unsere-produkte/iv/berufliche-eingliederung/leistungen-fuer-erwachsene.html,IV-Leistungen für Erwachsene: Arbeitsplatzerhalt,page,1,https://www.svazurich.ch/
ZH,zh_social_services,https://www.svazurich.ch/unsere-produkte/iv/berufliche-eingliederung/iv-leistungen-fuer-jugendliche.html,IV-Berufsberatung,page,1,https://www.svazurich.ch/
ZH,zh_social_services,https://www.svazurich.ch/unsere-produkte/iv/berufliche-eingliederung/leistungen-fuer-arbeitgebende.html,IV-Leistungen für Arbeitgebende,page,1,https://www.svazurich.ch/
ZH,zh_social_services,https://www.svazurich.ch/unsere-produkte/iv/unterstuetzung-im-alltag.html,Unterstützung im Alltag,page,1,https://www.svazurich.ch/
ZH,zh_social_services,https://www.svazurich.ch/unsere-produkte/iv/unterstuetzung-im-alltag/hilfsmittel-iv.html,Hilfsmittel IV,page,1,https://www.svazurich.ch/
ZH,zh_social_services,https://www.svazurich.ch/unsere-produkte/iv/unterstuetzung-im-alltag/hilflosenentschaedigung.html,Hilflosenentschädigung IV,page,1,https://www.svazurich.ch/
ZH,zh_social_services,https://www.svazurich.ch/unsere-produkte/iv/unterstuetzung-im-alltag/assistenzbeitrag-iv.html,Assistenzbeitrag IV,page,1,https://www.svazurich.ch/
ZH,zh_social_services,https://www.svazurich.ch/content/dam/sva-dokumente/2000_ak/2800_vb/2800_vb1_monatslohnabrechnung_assistenzbeitrag_ab2021.pdf,Lohn­abrechnung,pdf,2,https://www.svazurich.ch/unsere-produkte/iv/unterstuetzung-im-alltag/assistenzbeitrag-iv.html
ZH,zh_social_services,https://www.svazurich.ch/content/dam/sva-dokumente/1000_iv/1400_he/1400_ivl8_merkblatt_assistenzbeitrag.pdf,Hinweise zur Abrechnung von Assistenzbeiträgen,pdf,2,https://www.svazurich.ch/unsere-produkte/iv/unterstuetzung-im-alltag/assistenzbeitrag-iv.html
ZH,zh_social_services,https://www.svazurich.ch/unsere-produkte/iv/unterstuetzung-im-alltag/iv-rente.html,IV-Rente,page,1,https://www.svazurich.ch/
ZH,zh_social_services,https://www.svazurich.ch/unsere-produkte/iv/unterstuetzung-im-alltag/auszahlungstermine-ahv--und-iv-renten.html,Auszahlungstermine für AHV- und IV-Renten,page,1,https://www.svazurich.ch/
ZH,zh_social_services,https://www.svazurich.ch/unsere-produkte/iv/unterstuetzung-im-alltag/medizinische-massnahmen.html,Medizinische Massnahmen,page,1,https://www.svazurich.ch/
ZH,zh_social_services,https://www.svazurich.ch/unsere-produkte/iv/unterstuetzung-im-alltag/medizinische-fallfuehrung.html,Medizinische Fallführung,page,1,https://www.svazurich.ch/
ZH,zh_social_services,https://www.svazurich.ch/unsere-produkte/weitere-produkte.html,Weitere Produkte,page,1,https://www.svazurich.ch/
ZH,zh_social_services,https://www.svazurich.ch/unsere-produkte/weitere-produkte/krankenversicherung--kvg-.html,Krankenversicherung (KVG),page,1,https://www.svazurich.ch/
ZH,zh_social_services,https://www.svazurich.ch/unsere-produkte/weitere-produkte/krankenversicherung--kvg-/praemienverbilligung.html,Prämienverbilligung: Sinn und Zweck,page,1,https://www.svazurich.ch/
ZH,zh_social_services,https://www.svazurich.ch/unsere-produkte/weitere-produkte/krankenversicherung--kvg-/krankenversicherungspflicht0.html,Krankenversicherungspflicht: Wer kann sich befreien lassen?,page,1,https://www.svazurich.ch/
ZH,zh_social_services,https://www.svazurich.ch/content/dam/sva-dokumente/4000_ipv/4100_kvg/4100_vl3_kvg_bestaetigung_des_auslaendischen_versicherers_formular_a.pdf,Bestätigungsformular A,pdf,2,https://www.svazurich.ch/unsere-produkte/weitere-produkte/krankenversicherung--kvg-/krankenversicherungspflicht0.html
ZH,zh_social_services,https://www.svazurich.ch/content/dam/sva-dokumente/4000_ipv/4100_kvg/4100_vl3_kvg_bestaetigung_des_arbeitgebers_formular_c.pdf,Bestätigungsformular  C,pdf,2,https://www.svazurich.ch/unsere-produkte/weitere-produkte/krankenversicherung--kvg-/krankenversicherungspflicht0.html
ZH,zh_social_services,https://www.svazurich.ch/content/dam/sva-dokumente/4000_ipv/4100_kvg/4100_vl3_kvg_merkblatt_grenzgaenger_innen.pdf,Merkblatt: Information für Grenzgängerinnen und Grenzgänger,pdf,2,https://www.svazurich.ch/unsere-produkte/weitere-produkte/krankenversicherung--kvg-/krankenversicherungspflicht0.html
ZH,zh_social_services,https://www.svazurich.ch/content/dam/sva-dokumente/4000_ipv/4100_kvg/4100_vl3_kvg_formulaire_dechoix_du_syst%C3%A8me_dassurance-maladie.pdf,Choix du système d'assurances-maladie applicable,pdf,2,https://www.svazurich.ch/unsere-produkte/weitere-produkte/krankenversicherung--kvg-/krankenversicherungspflicht0.html
ZH,zh_social_services,https://www.svazurich.ch/content/dam/sva-dokumente/4000_ipv/4100_kvg/4100_vl3_kvg_bestaetigung_des_auslaendischen_versicherers_formular_d.pdf,Bestätigungsformular D,pdf,2,https://www.svazurich.ch/unsere-produkte/weitere-produkte/krankenversicherung--kvg-/krankenversicherungspflicht0.html
ZH,zh_social_services,https://www.svazurich.ch/content/dam/sva-dokumente/4000_ipv/4100_kvg/4100_vl3_kvg_bestaetigung_des_auslaendischen_privatversicherers_formular_h.pdf,Bestätigungsformular H,pdf,2,https://www.svazurich.ch/unsere-produkte/weitere-produkte/krankenversicherung--kvg-/krankenversicherungspflicht0.html
ZH,zh_social_services,https://www.svazurich.ch/content/dam/sva-dokumente/4000_ipv/4100_kvg/4100_vl3_kvg_bestaetigung_des_auslaendischen_versicherers_formular_n.pdf,Bestätigungsformular N,pdf,2,https://www.svazurich.ch/unsere-produkte/weitere-produkte/krankenversicherung--kvg-/krankenversicherungspflicht0.html
ZH,zh_social_services,https://www.svazurich.ch/content/dam/sva-dokumente/4000_ipv/4100_kvg/4100_vl3_kvg_bestaetigung_des_auslaendischen_versicherers_formular_w.pdf,Bestätigungsformular W,pdf,2,https://www.svazurich.ch/unsere-produkte/weitere-produkte/krankenversicherung--kvg-/krankenversicherungspflicht0.html
ZH,zh_social_services,https://www.svazurich.ch/content/dam/sva-dokumente/4000_ipv/4100_kvg/4100_vl3_kvg_bestaetigung_des_auslaendischen_versicherers_formular_v.pdf,Bestätigungsformular V,pdf,2,https://www.svazurich.ch/unsere-produkte/weitere-produkte/krankenversicherung--kvg-/krankenversicherungspflicht0.html
ZH,zh_social_services,https://www.svazurich.ch/content/dam/sva-dokumente/4000_ipv/4100_kvg/4100_vl3_kvg_bestaetigung_des_auslaendischen_versicherers_formular_m.pdf,Bestätigungsformular M,pdf,2,https://www.svazurich.ch/unsere-produkte/weitere-produkte/krankenversicherung--kvg-/krankenversicherungspflicht0.html
ZH,zh_social_services,https://www.svazurich.ch/unsere-produkte/weitere-produkte/erwerbsersatzordnung--eo-.html,Erwerbsersatzordnung (EO),page,1,https://www.svazurich.ch/
ZH,zh_social_services,https://www.svazurich.ch/unsere-produkte/weitere-produkte/erwerbsersatzordnung--eo-/erwerbsersatzordnung.html,EO für Dienstleistende,page,1,https://www.svazurich.ch/
ZH,zh_social_services,https://www.svazurich.ch/unsere-produkte/weitere-produkte/erwerbsersatzordnung--eo-/mutterschaftsentschaedigung.html,Mutterschaftsentschädigung,page,1,https://www.svazurich.ch/
ZH,zh_social_services,https://www.svazurich.ch/unsere-produkte/weitere-produkte/erwerbsersatzordnung--eo-/vaterschaftsentschaedigung.html,Vaterschaftsentschädigung,page,1,https://www.svazurich.ch/
ZH,zh_social_services,https://www.svazurich.ch/unsere-produkte/weitere-produkte/erwerbsersatzordnung--eo-/betreuungsentschaedigung.html,Betreuungsentschädigung,page,1,https://www.svazurich.ch/
ZH,zh_social_services,https://www.svazurich.ch/unsere-produkte/weitere-produkte/erwerbsersatzordnung--eo-/adoptionssentschaedigung.html,Adoptionsentschädigung,page,1,https://www.svazurich.ch/
ZH,zh_social_services,https://www.svazurich.ch/unsere-produkte/weitere-produkte/weitere-leistungen.html,Weitere Leistungen,page,1,https://www.svazurich.ch/
ZH,zh_social_services,https://www.svazurich.ch/unsere-produkte/weitere-produkte/weitere-leistungen/familienzulagen.html,Familienzulagen: Sinn und Zweck,page,1,https://www.svazurich.ch/
ZH,zh_social_services,https://www.svazurich.ch/unsere-produkte/weitere-produkte/weitere-leistungen/familienzulagen-fuer-nichterwerbstaetige-auszahlungstermine.html,Auszahlungstermine Familienzulagen für Nichterwerbstätige,page,1,https://www.svazurich.ch/
ZH,zh_social_services,https://www.svazurich.ch/unsere-produkte/weitere-produkte/weitere-leistungen/ergaenzungsleistungen.html,Ergänzungsleistungen: Sinn und Zweck,page,1,https://www.svazurich.ch/
ZH,zh_social_services,https://www.svazurich.ch/unsere-produkte/weitere-produkte/weitere-leistungen/ueberbrueckungsleistungen.html,Überbrückungsleistungen,page,1,https://www.svazurich.ch/
ZH,zh_social_services,https://www.svazurich.ch/unsere-produkte/weitere-produkte/weitere-leistungen/auszahlungstermine-ergaenzungs--und-ueberbrueckungsleistungen.html,Auszahlungstermine für AHV- und IV-Renten,page,1,https://www.svazurich.ch/
ZH,zh_social_services,https://www.svazurich.ch/ihr-anliegen/privatpersonen.html,Privatpersonen,page,1,https://www.svazurich.ch/
ZH,zh_social_services,https://www.svazurich.ch/ihr-anliegen/privatpersonen/anliegen-betrifft-ahv.html,Rund um die AHV,page,1,https://www.svazurich.ch/
ZH,zh_social_services,https://www.svazurich.ch/ihr-anliegen/privatpersonen/anliegen-betrifft-ahv/kontoauszug-bestellen.html,Hinweise,page,1,https://www.svazurich.ch/
ZH,zh_social_services,https://www.svazurich.ch/content/dam/sva-dokumente/8000_sp/8100_rd/8100_rd_ak_vollmacht_vertretung.pdf,Vollmacht,pdf,2,https://www.svazurich.ch/ihr-anliegen/privatpersonen/anliegen-betrifft-ahv/kontoauszug-bestellen.html
ZH,zh_social_services,https://www.svazurich.ch/ihr-anliegen/privatpersonen/anliegen-betrifft-ahv/beitragsluecken-verhindern.html,Beitragslücken verhindern: Beiträge bezahlen,page,1,https://www.svazurich.ch/
ZH,zh_social_services,https://www.svazurich.ch/ihr-anliegen/privatpersonen/anliegen-betrifft-ahv/rund-um-die-pensionierung.html,Kurz erklärt,page,1,https://www.svazurich.ch/
ZH,zh_social_services,https://www.svazurich.ch/ihr-anliegen/privatpersonen/anliegen-betrifft-ahv/arbeitgebende-mit-sitz-im-ausland.html,Rund um die AHV Arbeitgeber mit Sitz im Ausland,page,1,https://www.svazurich.ch/
ZH,zh_social_services,https://www.svazurich.ch/ihr-anliegen/privatpersonen/anliegen-betrifft-ahv/haushaltshilfe-anstellen.html,Haushaltshilfe anstellen - was tun? Kurz erklärt,page,1,https://www.svazurich.ch/
ZH,zh_social_services,https://www.svazurich.ch/ihr-anliegen/privatpersonen/anliegen-betrifft-ahv/selbstaendig-werden.html,Selbständig werden – was tun? Rechtsform wählen,page,1,https://www.svazurich.ch/
ZH,zh_social_services,https://www.svazurich.ch/ihr-anliegen/privatpersonen/anliegen-betrifft-ahv/auszahlungstermine-fuer-ahv--und-iv-renten.html,Auszahlungstermine für AHV- und IV-Renten,page,1,https://www.svazurich.ch/
ZH,zh_social_services,https://www.svazurich.ch/ihr-anliegen/privatpersonen/anliegen-betrifft-iv.html,Rund um die IV,page,1,https://www.svazurich.ch/
ZH,zh_social_services,https://www.svazurich.ch/ihr-anliegen/privatpersonen/anliegen-betrifft-iv/fragen-von-eltern-zur-iv.html,Fragen von Eltern zur IV,page,1,https://www.svazurich.ch/
ZH,zh_social_services,https://www.svazurich.ch/ihr-anliegen/privatpersonen/anliegen-betrifft-iv/fragen-von-berufstaetigen-zur-iv.html,Fragen von Berufstätigen zur IV,page,1,https://www.svazurich.ch/
ZH,zh_social_services,https://www.svazurich.ch/ihr-anliegen/privatpersonen/anliegen-betrifft-iv/aenderung-bei-der-berechnung-des-iv-grades-seit-dem--1--januar--.html,Änderung bei der Berechnung des IV-Grades seit dem  1. Januar  2024,page,1,https://www.svazurich.ch/
ZH,zh_social_services,https://www.svazurich.ch/ihr-anliegen/privatpersonen/anliegen-betrifft-iv/auszahlungstermine-ahv--und-iv-renten.html,Auszahlungstermine für AHV- und IV-Renten,page,1,https://www.svazurich.ch/
ZH,zh_social_services,https://www.svazurich.ch/ihr-anliegen/privatpersonen/praemienverbilligung.html,Prämienverbilligung,page,1,https://www.svazurich.ch/
ZH,zh_social_services,https://www.svazurich.ch/ihr-anliegen/privatpersonen/praemienverbilligung/praemienverbilligung_2026.html,Aktuell,page,1,https://www.svazurich.ch/
ZH,zh_social_services,https://www.svazurich.ch/ihr-anliegen/privatpersonen/praemienverbilligung/praemienverbilligung_2025.html,Aktuell,page,1,https://www.svazurich.ch/
ZH,zh_social_services,https://www.svazurich.ch/ihr-anliegen/privatpersonen/praemienverbilligung/praemienverbilligung_2024.html,Aktuell,page,1,https://www.svazurich.ch/
ZH,zh_social_services,https://www.svazurich.ch/ihr-anliegen/privatpersonen/praemienverbilligung/praemienverbilligung_2023.html,Aktuell,page,1,https://www.svazurich.ch/
ZH,zh_social_services,https://www.svazurich.ch/ihr-anliegen/privatpersonen/praemienverbilligung/praemienverbilligung_2022.html,Aktuell,page,1,https://www.svazurich.ch/
ZH,zh_social_services,https://www.svazurich.ch/ihr-anliegen/privatpersonen/praemienverbilligung/praemienverbilligung_2021.html,Aktuell,page,1,https://www.svazurich.ch/
ZH,zh_social_services,https://www.svazurich.ch/ihr-anliegen/privatpersonen/weitere-kundenanliegen.html,Weitere Kundenanliegen,page,1,https://www.svazurich.ch/
ZH,zh_social_services,https://www.svazurich.ch/ihr-anliegen/privatpersonen/weitere-kundenanliegen/familienzulagen-beantragen.html,Familienzulagen beantragen,page,1,https://www.svazurich.ch/
ZH,zh_social_services,https://www.svazurich.ch/content/dam/sva-dokumente/3000_fak/3100_kaz/3100_vb3_merkblatt_nichterwerbstaetige.pdf,Merkblatt: Familienzulagen für Nichterwerbstätige,pdf,2,https://www.svazurich.ch/ihr-anliegen/privatpersonen/weitere-kundenanliegen/familienzulagen-beantragen.html
ZH,zh_social_services,https://www.svazurich.ch/content/dam/sva-dokumente/3000_fak/3100_kaz/3100_vb3_anmeldung_nichterwerbstaetige_025.201.pdf,Formular: Anmeldung für Familienzulagen für Nichterwerbstätige,pdf,2,https://www.svazurich.ch/ihr-anliegen/privatpersonen/weitere-kundenanliegen/familienzulagen-beantragen.html
ZH,zh_social_services,https://www.svazurich.ch/ihr-anliegen/privatpersonen/weitere-kundenanliegen/ergaenzungsleistungen.html,Ergänzungsleistungen beantragen,page,1,https://www.svazurich.ch/
ZH,zh_social_services,https://www.svazurich.ch/ihr-anliegen/privatpersonen/weitere-kundenanliegen/militaer--und-zivildienst-melden.html,Militär- und Zivildienst melden,page,1,https://www.svazurich.ch/
ZH,zh_social_services,https://www.svazurich.ch/ihr-anliegen/privatpersonen/weitere-kundenanliegen/mutterschaftsentschaedigung-beantragen.html,Mutterschaftsentschädigung beantragen,page,1,https://www.svazurich.ch/
ZH,zh_social_services,https://www.svazurich.ch/ihr-anliegen/privatpersonen/weitere-kundenanliegen/vaterschaftsentschaedigung-beantragen.html,Vaterschaftsentschädigung beantragen,page,1,https://www.svazurich.ch/
ZH,zh_social_services,https://www.svazurich.ch/ihr-anliegen/privatpersonen/weitere-kundenanliegen/betreuungsentschaedigung-beantragen.html,Betreuungsentschädigung beantragen,page,1,https://www.svazurich.ch/
ZH,zh_social_services,https://www.svazurich.ch/ihr-anliegen/privatpersonen/weitere-kundenanliegen/ueberbrueckungsleistungen-beantragen.html,Überbrückungsleistungen beantragen,page,1,https://www.svazurich.ch/
ZH,zh_social_services,https://www.svazurich.ch/ihr-anliegen/privatpersonen/weitere-kundenanliegen/auszahlungstermine-ergaenzungs--und-ueberbrueckungsleistungen.html,Auszahlungstermine für AHV- und IV-Renten,page,1,https://www.svazurich.ch/
ZH,zh_social_services,https://www.svazurich.ch/ihr-anliegen/arbeitgebende.html,Arbeitgeberinnen und Arbeitgeber,page,1,https://www.svazurich.ch/
ZH,zh_social_services,https://www.svazurich.ch/ihr-anliegen/arbeitgebende/rund-um-die-iv.html,Rund um die IV,page,1,https://www.svazurich.ch/
ZH,zh_social_services,https://www.svazurich.ch/ihr-anliegen/arbeitgebende/rund-um-die-iv/mitarbeitende-mit-gesundheitlichen-problemen-.html,Früherkennung,page,1,https://www.svazurich.ch/
ZH,zh_social_services,https://www.svazurich.ch/ihr-anliegen/arbeitgebende/rund-um-die-iv/wiedereinstieg-nach-krankheit.html,Best Practice,page,1,https://www.svazurich.ch/
ZH,zh_social_services,https://www.svazurich.ch/content/dam/sva-dokumente/1000_iv/1200_argb/1200_ivl9_leitfaden_5a.pdf,IV-Leitfaden,pdf,2,https://www.svazurich.ch/ihr-anliegen/arbeitgebende/rund-um-die-iv/wiedereinstieg-nach-krankheit.html
ZH,zh_social_services,https://www.svazurich.ch/ihr-anliegen/arbeitgebende/rund-um-die-iv/iv-personalvermittlung-mit-kostenloser-probezeit.html,IV-Personalvermittlung mit kostenloser Probezeit,page,1,https://www.svazurich.ch/
ZH,zh_social_services,https://www.svazurich.ch/content/dam/sva-dokumente/1000_iv/1200_argb/1200_ivl9_flyer_personalvermittlung.pdf,IV-Personalvermittlung,pdf,2,https://www.svazurich.ch/ihr-anliegen/arbeitgebende/rund-um-die-iv/iv-personalvermittlung-mit-kostenloser-probezeit.html
BE,be_iv_canton,https://www.ivbe.ch/,Willkommen | IV-Stelle Kanton Bern,page,0,
BE,be_iv_canton,https://www.ivbe.ch/de.html,Willkommen | IV-Stelle Kanton Bern,page,1,https://www.ivbe.ch/
BE,be_iv_canton,https://www.ivbe.ch/de/situation/privatperson/angestellt.html,Privatperson – angestellt,page,1,https://www.ivbe.ch/
BE,be_iv_canton,https://www.ivbe.ch/de/situation/privatperson/nichterwerbstaetig.html,Privatperson – nicht erwerbstätig,page,1,https://www.ivbe.ch/
BE,be_iv_canton,https://www.ivbe.ch/de/situation/privatperson/selbstaendig.html,Privatperson – selbständig erwerbend,page,1,https://www.ivbe.ch/
BE,be_iv_canton,https://www.ivbe.ch/de/situation/privatperson/schule_ausbildung.html,Privatperson – Schule & Ausbildung,page,1,https://www.ivbe.ch/
BE,be_iv_canton,https://www.ivbe.ch/dam/jcr:c7cdeb84-c79d-4ee8-a5c6-22e4666f2b3b/Flyer%20erstmalige%20berufliche%20Ausbildung.pdf,Flyer erstmalige berufliche Ausbildung,pdf,2,https://www.ivbe.ch/de/situation/privatperson/schule_ausbildung.html
BE,be_iv_canton,https://www.ivbe.ch/de/situation/privatperson/kind-mit-Behinderung.html,Privatperson – Kind mit Behinderung,page,1,https://www.ivbe.ch/
BE,be_iv_canton,https://www.ivbe.ch/de/situation/privatperson/hilfsmittel.html,Privatperson – Hilfsmittel,page,1,https://www.ivbe.ch/
BE,be_iv_canton,https://www.ivbe.ch/de/situation/privatperson/unterstuetzung.html,Privatperson – Unterstützung im Alltag,page,1,https://www.ivbe.ch/
BE,be_iv_canton,https://www.ivbe.ch/de/situation/privatperson/rentenbezueger.html,Privatperson – Rentenbezüger,page,1,https://www.ivbe.ch/
BE,be_iv_canton,https://www.ivbe.ch/de/situation/arbeitgeber/bestehend.html,Arbeitgeber – bestehendes Arbeitsverhältnis,page,1,https://www.ivbe.ch/
BE,be_iv_canton,https://www.ivbe.ch/dam/jcr:9cbbc698-de08-4c58-a729-27e59835d5d1/Merkblatt%20Verrechnung%20Vorschussleistungen.pdf,Merkblatt Verrechnung von Vorschussleistungen,pdf,2,https://www.ivbe.ch/de/situation/arbeitgeber/bestehend.html
BE,be_iv_canton,https://www.ivbe.ch/dam/jcr:fcc0a0c1-13e5-431b-a0fc-967a272e4945/Merkblatt%20Unfalldeckung%20ab%201.1.2022.pdf,Merkblatt Unfalldeckung ab 1.1.2022,pdf,2,https://www.ivbe.ch/de/situation/arbeitgeber/bestehend.html
BE,be_iv_canton,https://www.ivbe.ch/dam/jcr:455c338b-a178-43f3-8795-a2e8fd6d4714/Flyer%20REP%20Compasso.pdf,Flyer Ressourcenorientiertes Eingliederungsprofil REP,pdf,2,https://www.ivbe.ch/de/situation/arbeitgeber/bestehend.html
BE,be_iv_canton,https://www.ivbe.ch/dam/jcr:a2c27661-a20b-4442-a625-0001669ef346/5A-Leitfaden.pdf,Broschüre Psychische Probleme am Arbeitsplatz,pdf,2,https://www.ivbe.ch/de/situation/arbeitgeber/bestehend.html
BE,be_iv_canton,https://www.ivbe.ch/dam/jcr:056069e7-869d-4787-bbc8-c8e49cb7950b/Leitfaden_PsychischeGesundheitImArbeitsumfeld_06092022.pdf,Psychische Gesundheit im Arbeitsumfeld - wie fit ist Ihr Unternehmen?,pdf,2,https://www.ivbe.ch/de/situation/arbeitgeber/bestehend.html
BE,be_iv_canton,https://www.ivbe.ch/de/situation/arbeitgeber/neue-mitarbeitende.html,Arbeitgebende – Mitarbeitende gewinnen,page,1,https://www.ivbe.ch/
BE,be_iv_canton,https://www.ivbe.ch/dam/jcr:1b5a191a-3ee0-42cb-b4da-c0a141736234/iv_Brosch_Arbeitgeber_Web_D.pdf,"«Mein erster Job, meine Chance – unsere Zukunft»",pdf,2,https://www.ivbe.ch/de/situation/arbeitgeber/neue-mitarbeitende.html
BE,be_iv_canton,https://www.ivbe.ch/de/situation/arzt.html,Ich bin Ärztin/Arzt,page,1,https://www.ivbe.ch/
BE,be_iv_canton,https://www.ivbe.ch/dam/jcr:23813e6b-0e5a-48c5-8f26-4e32fe67c92d/318.631.d.pdf,Arzt- bzw. Zahnarztrechnung,pdf,2,https://www.ivbe.ch/de/situation/arzt.html
BE,be_iv_canton,https://www.ivbe.ch/dam/jcr:458a2926-16c5-4951-a986-b9314ab5e64c/Detailed_Medical_Report_1.0.5_D.pdf,Ausführlicher Ärztlicher Bericht,pdf,2,https://www.ivbe.ch/de/situation/arzt.html
BE,be_iv_canton,https://www.ivbe.ch/dam/jcr:32bb8c3f-605e-461b-a454-c928668f92d8/Ausf%C3%83%C2%BChrlicher%20%C3%83%C2%A4rztlicher%20Bericht_Leitfaden%20f%C3%83%C2%BCr%20%C3%83%E2%80%9Erztinnen%20und%20%C3%83%E2%80%9Erzte_v.1.1....pdf,Ausführlicher Ärztlicher Bericht: Leitfaden für Ärztinnen und Ärzte,pdf,2,https://www.ivbe.ch/de/situation/arzt.html
BE,be_iv_canton,https://www.ivbe.ch/dam/jcr:97e13957-ddbc-459e-8e21-0e40689991d2/Formular_Vollmacht_Vorbescheid%20und%20Verf%C3%BCgung_Aerzte.pdf,Vollmacht für Ärztinnen und Ärzte,pdf,2,https://www.ivbe.ch/de/situation/arzt.html
BE,be_iv_canton,https://www.ivbe.ch/de/situation/institution.html,Institution für Eingliederungsmassnahmen,page,1,https://www.ivbe.ch/
BE,be_iv_canton,https://www.ivbe.ch/dam/jcr:3b651e68-7124-4941-adc4-cdd598e40080/Merkblatt%20Elektronische%20Rechnungsstellug_01.01.2026.pdf,Merkblatt elektronische Rechnungsstellung,pdf,2,https://www.ivbe.ch/de/situation/institution.html
BE,be_iv_canton,https://www.ivbe.ch/dam/jcr:9e67617b-0d27-4b7a-9f16-9b048fb5ae5b/AVB%202024.pdf,Allgemeine Vertragsbedingungen,pdf,2,https://www.ivbe.ch/de/situation/institution.html
BE,be_iv_canton,https://www.ivbe.ch/dam/jcr:b2a98179-f301-4dac-a54b-8724f43ab708/Merkblatt%20Coaching%2001.01.2024.pdf,Merkblatt für Coaching-Anbieter,pdf,2,https://www.ivbe.ch/de/situation/institution.html
BE,be_iv_canton,https://www.ivbe.ch/dam/jcr:8f8e5197-1b57-4dc9-8ed5-c647da2bf0a8/Aktuelle%20Branchenl%C3%B6hne%20f%C3%BCr%20Ausbildungen%20nach%20BBG%202026.pdf,Aktuelle Branchenlöhne für Ausbildungen nach BBG,pdf,2,https://www.ivbe.ch/de/situation/institution.html
BE,be_iv_canton,https://www.ivbe.ch/de/situation/iiz/rav.html,RAV,page,1,https://www.ivbe.ch/
BE,be_iv_canton,https://www.ivbe.ch/dam/jcr:49e11217-891f-4894-b8f5-7ef7c50d248f/Zusammenarbeitsvereinbarung%20AVA-IVBE.pdf,Zusammenarbeitsvereinbarung IVBE - RAV (AVA),pdf,2,https://www.ivbe.ch/de/situation/iiz/rav.html
BE,be_iv_canton,https://www.ivbe.ch/de/situation/iiz/sozialdienst.html,Sozialdienst,page,1,https://www.ivbe.ch/
BE,be_iv_canton,https://www.ivbe.ch/dam/jcr:e11b4f74-cb50-4a8b-9104-76747923e47f/Guidelines%20IVBE%20BKSE%202017.pdf,Guidelines zur Zusammenarbeit Soziale Dienste und IV,pdf,2,https://www.ivbe.ch/de/situation/iiz/sozialdienst.html
BE,be_iv_canton,https://www.ivbe.ch/dam/jcr:6af16c2d-6808-47d0-b193-77038889289e/Aenderung%20in%20der%20Rechtsprechung%20bei%20Suchterkrankungen.pdf,Änderung in der Rechtsprechung bei Suchterkrankungen,pdf,2,https://www.ivbe.ch/de/situation/iiz/sozialdienst.html
BE,be_iv_canton,https://www.ivbe.ch/de/situation/iiz/cmbb.html,CMBB,page,1,https://www.ivbe.ch/
BE,be_iv_canton,https://www.ivbe.ch/de/situation/iiz/taggeldversicherer.html,Taggeldversicherer,page,1,https://www.ivbe.ch/
BE,be_iv_canton,https://www.ivbe.ch/de/situation/schule_lehrperson.html,Schulen & Lehrpersonen,page,1,https://www.ivbe.ch/
BE,be_iv_canton,https://www.ivbe.ch/dam/jcr:12f6f46d-3d1b-4d99-ad2b-cd1a8b80ae38/IV%20und%20Integration.%20Was%20Lehrpersonen%20wissen%20sollten%20(EDUCATION%201.16).pdf,IV und Integration. Was Lehrpersonen wissen sollten,pdf,2,https://www.ivbe.ch/de/situation/schule_lehrperson.html
BE,be_iv_canton,https://www.ivbe.ch/dam/jcr:82141eef-1187-4dd4-97d2-031460490f75/Themenblatt%20Erstmalige%20Berufliche%20Ausbildung.pdf,Themenblatt Erstmalige berufliche Ausbildung,pdf,2,https://www.ivbe.ch/de/situation/schule_lehrperson.html
BE,be_iv_canton,https://www.ivbe.ch/de/situation/privatperson/uebersicht.html,Privatpersonen – Übersicht,page,1,https://www.ivbe.ch/
BE,be_iv_canton,https://www.ivbe.ch/de/situation/privatperson/unterstuetzung/assistenzbeitrag.html,Privatperson – Assistenzbeitrag,page,1,https://www.ivbe.ch/
BE,be_iv_canton,https://www.ivbe.ch/dam/jcr:d6da7cdb-9850-4a4f-b0fa-ce51b6dbb3c3/Anleitung%20Musterarbeitsvertrag%20-%20d%20.pdf,Anleitung zum Ausfüllen des Arbeitsvertrages,pdf,2,https://www.ivbe.ch/de/situation/privatperson/unterstuetzung/assistenzbeitrag.html
BE,be_iv_canton,https://www.ivbe.ch/dam/jcr:77fb3763-d977-415a-8a32-62bea31548cd/Abrechnung%20Nachtpauschalen%20Assistenzbeitrag.pdf,Anleitung zur Abrechnung der Nachtpauschalen im Assistenzbeitrag,pdf,2,https://www.ivbe.ch/de/situation/privatperson/unterstuetzung/assistenzbeitrag.html
BE,be_iv_canton,https://www.ivbe.ch/dam/jcr:56b0cf09-a13b-4cd3-81dd-da91b5e57fae/Rechnungsformular_AB_Erkl%C3%A4rung.pdf,Anleitung zum Rechnungsformular Assistenzbeitrag,pdf,2,https://www.ivbe.ch/de/situation/privatperson/unterstuetzung/assistenzbeitrag.html
BE,be_iv_canton,https://www.ivbe.ch/dam/jcr:6223b40e-f933-4a55-88e6-a149f2c15225/Rechnungsformular_AB_FADA_Erkl%C3%A4rung.pdf,Anleitung zum Rechnungsformular Assistenzbeitrag über die Plattform IV-Rechnungen,pdf,2,https://www.ivbe.ch/de/situation/privatperson/unterstuetzung/assistenzbeitrag.html
BE,be_iv_canton,https://www.ivbe.ch/dam/jcr:7e40e5de-8fd7-4792-aaf3-f623e5fb9a5b/Informationen%20zum%20NAV%20Hauswirtschaft_Stand%2001.2026.pdf,Merkblatt NAV Mindestlöhne,pdf,2,https://www.ivbe.ch/de/situation/privatperson/unterstuetzung/assistenzbeitrag.html
BE,be_iv_canton,https://www.ivbe.ch/de/situation/arbeitgeber/uebersicht.html,Arbeitgeber – Übersicht,page,1,https://www.ivbe.ch/
BE,be_iv_canton,https://www.ivbe.ch/de/situation/arbeitgeber/formulare.html,Formulare,page,1,https://www.ivbe.ch/
BE,be_iv_canton,https://www.ivbe.ch/de/situation/iiz/iiz_uebersicht.html,IIZ Übersicht,page,1,https://www.ivbe.ch/
BE,be_iv_canton,https://www.ivbe.ch/de/ueber-uns/portraet/strategie_vision.html,Strategie & Vision,page,1,https://www.ivbe.ch/
BE,be_iv_canton,https://www.ivbe.ch/de/ueber-uns/portraet/unsere_werte.html,Unsere-Werte,page,1,https://www.ivbe.ch/
BE,be_iv_canton,https://www.ivbe.ch/de/ueber-uns/portraet/geschaeftsleitung_aufsichtsrat.html,Geschäftsleitung & Aufsichtsrat,page,1,https://www.ivbe.ch/
BE,be_iv_canton,https://www.ivbe.ch/dam/jcr:1f664fc7-941e-48aa-8950-5a4cb6d69a60/Organigramm_2026_A3_DE.pdf,Organigramm,pdf,2,https://www.ivbe.ch/de/ueber-uns/portraet/geschaeftsleitung_aufsichtsrat.html
BE,be_iv_canton,https://www.ivbe.ch/de/ueber-uns/portraet/neue_organisationsstruktur.html,Neue-Organisationsstruktur,page,1,https://www.ivbe.ch/
BE,be_iv_canton,https://www.ivbe.ch/de/ueber-uns/portraet/jahresbericht.html,Jahresbericht,page,1,https://www.ivbe.ch/
BE,be_iv_canton,https://www.ivbe.ch/de/ueber-uns/portraet/zahlenundfakten.html,Zahlen & Fakten,page,1,https://www.ivbe.ch/
BE,be_iv_canton,https://www.ivbe.ch/dam/jcr:96c5a5d8-1ca7-46bb-be11-7e795d4f5f80/RZ_IV_Bern_DigitalerJahresbericht_Kennzahlen_A4_neue%20Zahlen.pdf,Weitere Kennzahlen,pdf,2,https://www.ivbe.ch/de/ueber-uns/portraet/zahlenundfakten.html
BE,be_iv_canton,https://www.ivbe.ch/de/ueber-uns/iv-arbeitgeberin/benefits.html,Die IV als Arbeitgeberin,page,1,https://www.ivbe.ch/
BE,be_iv_canton,https://www.ivbe.ch/de/ueber-uns/iv-arbeitgeberin/offene-stellen.html,IV-Stelle Kanton Bern / Office AI Canton de Berne Stellenmarkt,page,1,https://www.ivbe.ch/
BE,be_iv_canton,https://www.ivbe.ch/de/ueber-uns/iv-arbeitgeberin/rad-arzt.html,Ärztin/Arzt beim RAD,page,1,https://www.ivbe.ch/
BE,be_iv_canton,https://www.ivbe.ch/de/ueber-uns/iv-arbeitgeberin/lehrstellen.html,Lehrstellen,page,1,https://www.ivbe.ch/
BE,be_iv_canton,https://www.ivbe.ch/de/formulare_merkblaetter/formulare.html,Formulare,page,1,https://www.ivbe.ch/
BE,be_iv_canton,https://www.ivbe.ch/dam/jcr:7735c792-b325-4c07-910f-a0e062e8842d/Formular_Vollmacht_Akteneinsicht%20und%20Auskunft_2022_barrierefrei.pdf,Vollmacht Akteneinsicht und Auskunft,pdf,2,https://www.ivbe.ch/de/formulare_merkblaetter/formulare.html
BE,be_iv_canton,https://www.ivbe.ch/dam/jcr:0f5da0e7-5a32-4ff5-8d87-3382dfa4d0a5/Offizielles_OLU-Formular_D_r.pdf,Gesuch für die Kostenübernahme von Off-label-Use-Medikamenten durch die IV,pdf,2,https://www.ivbe.ch/de/formulare_merkblaetter/formulare.html
BE,be_iv_canton,https://www.ivbe.ch/de/formulare_merkblaetter/merkblaetter.html,Merkblätter,page,1,https://www.ivbe.ch/
BE,be_iv_canton,https://www.ivbe.ch/dam/jcr:af6b5524-a6cc-4682-a8f8-77a21396e6e1/Merkblatt_Psychotherapeuten.pdf,Kostenvergütung Psychotherapeutinnen und Psychotherapeuten,pdf,2,https://www.ivbe.ch/de/formulare_merkblaetter/merkblaetter.html
BE,be_iv_canton,https://www.ivbe.ch/de/prozesse/invaliditaet.html,Invalidität & Anspruch,page,1,https://www.ivbe.ch/
BE,be_iv_canton,https://www.ivbe.ch/de/prozesse/anmeldung.html,Anmeldung,page,1,https://www.ivbe.ch/
BE,be_iv_canton,https://www.ivbe.ch/de/prozesse/abklaerung.html,Abklärungen & Gutachten,page,1,https://www.ivbe.ch/
BE,be_iv_canton,https://www.ivbe.ch/dam/jcr:b6170f48-4ab4-4189-a56f-8fc50c83d4a8/20240415_Liste%20Sachverst%C3%A4ndige%20monodisziplin%C3%A4re%20Gutachten.pdf,Liste Sachverständige für monodisziplinäre Gutachten,pdf,2,https://www.ivbe.ch/de/prozesse/abklaerung.html
BE,be_iv_canton,https://www.ivbe.ch/dam/jcr:0d4b45e2-a64d-4379-a083-41ab65095884/Art.%2041b%20IVV_2025_BE_260220_DE_1016.pdf,Öffentliche Liste über beauftragte Sachverständige und Gutachterstellen im Jahr 2024,pdf,2,https://www.ivbe.ch/de/prozesse/abklaerung.html
BE,be_iv_canton,https://www.ivbe.ch/de/prozesse/eingliederung.html,Früherfassung & Eingliederung,page,1,https://www.ivbe.ch/
BE,be_iv_canton,https://www.ivbe.ch/de/prozesse/geldleistungen.html,Geld- & Sachleistungen,page,1,https://www.ivbe.ch/
BE,be_iv_canton,https://www.ivbe.ch/de/prozesse/medizinische_massnahmen.html,Medizinische Massnahmen,page,1,https://www.ivbe.ch/
BE,be_iv_canton,https://www.ivbe.ch/de/veranstaltungen/uebersicht_veranstaltungen.html,Veranstaltungen und Fachseminare,page,1,https://www.ivbe.ch/
BE,be_iv_canton,https://www.ivbe.ch/de/veranstaltungen/fachseminar_arbeitgeber.html,Fachseminar für Arbeitgebende,page,1,https://www.ivbe.ch/
BE,be_iv_canton,https://www.ivbe.ch/de/veranstaltungen/vertiefungsseminar_sozialdienste.html,Vertiefungsseminar Sozialdienste,page,1,https://www.ivbe.ch/
BE,be_iv_canton,https://www.ivbe.ch/de/veranstaltungen/arbeitgeberveranstaltung.html,Arbeitgeberveranstaltung,page,1,https://www.ivbe.ch/
BE,be_iv_canton,https://www.ivbe.ch/de/veranstaltungen/aerztefortbildung-iv-arztbericht.html,Ärztefortbildung «IV-Arztbericht»,page,1,https://www.ivbe.ch/
BE,be_iv_canton,https://www.ivbe.ch/de/veranstaltungen/fortbildung-kinder-jugendpsychiater.html,Fortbildung für Kinder- und Jugendpsychiater,page,1,https://www.ivbe.ch/
BE,be_iv_canton,https://www.ivbe.ch/de/veranstaltungen/gutachternachmittag.html,Gutachternachmittag,page,1,https://www.ivbe.ch/
BE,be_iv_canton,https://www.ivbe.ch/de/publikationen/jahresbericht.html,Jahresbericht,page,1,https://www.ivbe.ch/
BE,be_iv_canton,https://www.ivbe.ch/de/publikationen/magazin.html,Magazin Wegweiser,page,1,https://www.ivbe.ch/
BE,be_iv_canton,https://www.ivbe.ch/de/publikationen/newsletter.html,Newsletter,page,1,https://www.ivbe.ch/
BE,be_iv_canton,https://www.ivbe.ch/de/publikationen/soziale-medien.html,Soziale Medien,page,1,https://www.ivbe.ch/
BE,be_iv_canton,https://www.ivbe.ch/de/publikationen/videos.html,Videos,page,1,https://www.ivbe.ch/
BE,be_iv_canton,https://www.ivbe.ch/de/publikationen/links.html,Links,page,1,https://www.ivbe.ch/
BE,be_iv_canton,https://www.ivbe.ch/de/kontakt/beratungstelefon.html,Beratungstelefon,page,1,https://www.ivbe.ch/
BE,be_iv_canton,https://www.ivbe.ch/de/kontakt/adressen_oeffnungszeiten.html,Adressen und Öffnungszeiten,page,1,https://www.ivbe.ch/
BE,be_iv_canton,https://www.ivbe.ch/dam/jcr:aaf44a72-69af-4ad3-a541-e381a08d47cf/Situationsplan_IVBE.pdf,Situationsplan Bern,pdf,2,https://www.ivbe.ch/de/kontakt/adressen_oeffnungszeiten.html
BE,be_iv_canton,https://www.ivbe.ch/dam/jcr:cf93265c-90c3-4f85-abea-2ab9a7ff1b68/IV_Situationsplan_Flyer_DE.pdf,Situationsplan Biel,pdf,2,https://www.ivbe.ch/de/kontakt/adressen_oeffnungszeiten.html
BE,be_iv_canton,https://www.ivbe.ch/dam/jcr:f569e953-daf5-4ba7-8582-b03efd6be872/Situationsplan%20Zweigstelle%20Burgdorf.pdf,Situationsplan Burgdorf,pdf,2,https://www.ivbe.ch/de/kontakt/adressen_oeffnungszeiten.html
BE,be_iv_canton,https://www.ivbe.ch/dam/jcr:ff04774a-9649-4c1f-8983-d78ce49a1c1d/Situationsplan%20Zweigstelle%20Thun.pdf,Situationsplan Thun,pdf,2,https://www.ivbe.ch/de/kontakt/adressen_oeffnungszeiten.html
BE,be_iv_canton,https://www.ivbe.ch/de/kontakt/kontaktformulare/mitteilung.html,Mitteilung,page,1,https://www.ivbe.ch/
BE,be_iv_canton,https://www.ivbe.ch/de/kontakt/kontaktformulare/bescheinigung.html,Bescheinigung,page,1,https://www.ivbe.ch/
BE,be_iv_canton,https://www.ivbe.ch/de/kontakt/kontaktformulare/adressaenderung.html,Adressänderung,page,1,https://www.ivbe.ch/
BE,be_iv_canton,https://www.ivbe.ch/de/kontakt/medienstelle.html,Medienstelle,page,1,https://www.ivbe.ch/
BE,be_iv_canton,https://www.ivbe.ch/de/kontakt/impressum_datenschutz.html,Impressum & Datenschutz,page,1,https://www.ivbe.ch/
BE,be_iv_canton,https://www.ivbe.ch/de/extranet-login.html,IVBEasy,page,1,https://www.ivbe.ch/
BE,be_iv_canton,https://www.ivbe.ch/de/plattform_iv-rechnungen.html,Plattform für IV-Rechnungen,page,1,https://www.ivbe.ch/
BE,be_iv_canton,https://www.ivbe.ch/dam/jcr:3b1377fc-2d8b-42a1-9942-8f50b28d6e78/Online-Schalter%20-%20Beg%C3%BCnstigte%20-%20DE%20-%20v2.1.pdf,Leitfaden für Begünstigte,pdf,2,https://www.ivbe.ch/de/plattform_iv-rechnungen.html
BE,be_iv_canton,https://www.ivbe.ch/dam/jcr:8edf910d-4930-4caa-be7e-26d831c28e07/Online-Schalter%20-%20Organisationen%20-%20DE%20-%20v2.1%20(1).pdf,Leitfaden für Organisationen,pdf,2,https://www.ivbe.ch/de/plattform_iv-rechnungen.html
BE,be_iv_canton,https://www.ivbe.ch/de/kontakt.html,Kontakt,page,1,https://www.ivbe.ch/
BE,be_iv_canton,https://www.ivbe.ch/fr.html,Bienvenue - Office AI Canton de Berne,page,1,https://www.ivbe.ch/
BE,be_iv_canton,https://www.ivbe.ch/de/situation/privatperson.html,Privatperson,page,1,https://www.ivbe.ch/
BE,be_iv_canton,https://www.ivbe.ch/de/situation/arbeitgeber.html,Arbeitgeber/Arbeitgeberin,page,1,https://www.ivbe.ch/
BE,be_iv_canton,https://www.ivbe.ch/de/situation/iiz.html,Interinstitutionelle Zusammenarbeit (IIZ),page,1,https://www.ivbe.ch/
BE,be_iv_canton,https://www.ivbe.ch/de/publikationen/magazin/abklaerungen.html,Abklärungen,page,1,https://www.ivbe.ch/
BE,be_iv_canton,https://www.ivbe.ch/de/publikationen/magazin/partnerschaften-netzwerke.html,partnerschaften-netzwerke,page,1,https://www.ivbe.ch/
BE,be_iv_canton,https://www.ivbe.ch/de/ueber-uns/portraet.html,Porträt,page,1,https://www.ivbe.ch/
BE,be_iv_canton,https://www.ivbe.ch/fr/situation/person_prive/employe.html,Je suis employé,page,2,https://www.ivbe.ch/de/situation/privatperson/angestellt.html
BE,be_iv_canton,https://www.ivbe.ch/fr/situation/person_prive/pas_activite_lucrative.html,Bern canton IV information,page,2,https://www.ivbe.ch/de/situation/privatperson/nichterwerbstaetig.html
BE,be_iv_canton,https://www.ivbe.ch/fr/situation/person_prive/independant.html,Je suis travailleur indépendant,page,2,https://www.ivbe.ch/de/situation/privatperson/selbstaendig.html
BE,be_iv_canton,https://www.ivbe.ch/fr/situation/person_prive/scolaris-_enformation.html,Bern canton IV information,page,2,https://www.ivbe.ch/de/situation/privatperson/schule_ausbildung.html
BE,be_iv_canton,https://www.ivbe.ch/dam/jcr:83d89273-787b-4155-898a-d955a050caca/IV_Flyer_ebA_082016_FR.pdf,Brochure Formation professionnelle initiale,pdf,3,https://www.ivbe.ch/fr/situation/person_prive/scolaris-_enformation.html
BE,be_iv_canton,https://www.ivbe.ch/fr/situation/person_prive/enfant_handicape.html,Bern canton IV information,page,2,https://www.ivbe.ch/de/situation/privatperson/kind-mit-Behinderung.html
BE,be_iv_canton,https://www.ivbe.ch/fr/situation/person_prive/moyens_auxiliaires.html,J’ai besoin de moyens auxiliaires,page,2,https://www.ivbe.ch/de/situation/privatperson/hilfsmittel.html
BE,be_iv_canton,https://www.ivbe.ch/fr/situation/person_prive/aide_quotidien.html,J’ai besoin d’aide au quotidien,page,2,https://www.ivbe.ch/de/situation/privatperson/unterstuetzung.html
BE,be_iv_canton,https://www.ivbe.ch/fr/situation/person_prive/rente_ai.html,Bern canton IV information,page,2,https://www.ivbe.ch/de/situation/privatperson/rentenbezueger.html
GE,ge_social_services,https://www.ocas.ch/en,Office cantonal des assurances sociales de Genève | Ocas,page,0,
GE,ge_social_services,https://www.ocas.ch/sites/default/files/2020-07/Internet_plan_acces_OCAS_2020.pdf,Plan d'accès,pdf,1,https://www.ocas.ch/en
GE,ge_social_services,https://www.ocas.ch/en/node/5,À propos de l'OCAS | Ocas,page,1,https://www.ocas.ch/en
GE,ge_social_services,https://www.ocas.ch/sites/default/files/2026-01/01_Organigramme_OCAS_26_janvier_2026.pdf,Organigramme OCAS - État au 26 janvier 2026,pdf,2,https://www.ocas.ch/en/node/5
GE,ge_social_services,https://www.ocas.ch/sites/default/files/2025-07/RAPPORT-ANNUEL-2024_interactif.pdf,Rapport annuel - 2024,pdf,2,https://www.ocas.ch/en/node/5
GE,ge_social_services,https://www.ocas.ch/sites/default/files/2024-07/RAPPORT%20ANNUEL%202023_interactif-web.pdf,Rapport annuel - 2023,pdf,2,https://www.ocas.ch/en/node/5
GE,ge_social_services,https://www.ocas.ch/sites/default/files/2023-07/rapport_annuel_2022_interactif_web.pdf,Rapport annuel - 2022,pdf,2,https://www.ocas.ch/en/node/5
GE,ge_social_services,https://www.ocas.ch/sites/default/files/2022-08/rapport_annuel_ocas_2021_interactif_web.pdf,Rapport annuel - 2021,pdf,2,https://www.ocas.ch/en/node/5
GE,ge_social_services,https://www.ocas.ch/sites/default/files/2021-07/Rapport_annuel_OCAS_2020_interactif_web_0.pdf,Rapport annuel - 2020,pdf,2,https://www.ocas.ch/en/node/5
GE,ge_social_services,https://www.ocas.ch/sites/default/files/2020-07/RAPPORT_ANNUEL_2019_vs_internet.pdf,Rapport annuel - 2019,pdf,2,https://www.ocas.ch/en/node/5
GE,ge_social_services,https://www.ocas.ch/sites/default/files/2020-06/OCAS_rapport_annuel_2018.pdf,Rapport annuel - 2018,pdf,2,https://www.ocas.ch/en/node/5
GE,ge_social_services,https://www.ocas.ch/sites/default/files/2020-06/OCAS_rapport_annuel_2017.pdf,Rapport annuel - 2017,pdf,2,https://www.ocas.ch/en/node/5
GE,ge_social_services,https://www.ocas.ch/sites/default/files/2020-06/OCAS_rapport_annuel_2016.pdf,Rapport annuel - 2016,pdf,2,https://www.ocas.ch/en/node/5
GE,ge_social_services,https://www.ocas.ch/sites/default/files/2020-06/OCAS_rapport_annuel_2015.pdf,Rapport annuel - 2015,pdf,2,https://www.ocas.ch/en/node/5
GE,ge_social_services,https://www.ocas.ch/sites/default/files/2025-06/Assurances_sociales_en_Suisse_statistique_de_poche_2025.pdf,Assurances sociales en Suisse - statistique de poche 2025,pdf,2,https://www.ocas.ch/en/node/5
GE,ge_social_services,https://www.ocas.ch/en/actualites,| Ocas |,page,1,https://www.ocas.ch/en
GE,ge_social_services,https://www.ocas.ch/en/node/208,Calculateurs en ligne | Ocas,page,1,https://www.ocas.ch/en
GE,ge_social_services,https://www.ocas.ch/remboursement-ai,Remboursement AI | Ocas,page,1,https://www.ocas.ch/en
GE,ge_social_services,https://www.ocas.ch/en/node/11,Assurance-vieillesse et survivants | Ocas,page,1,https://www.ocas.ch/en
GE,ge_social_services,https://www.ocas.ch/en/node/45,Assurance-invalidité | Ocas,page,1,https://www.ocas.ch/en
GE,ge_social_services,https://www.ocas.ch/sites/default/files/2026-02/Liste_publique_experts_centres_expertises_mandates_AI_2025.pdf,Liste publique des experts et centres d'expertises mandatés dans l'assurance-invalidité - 2025,pdf,2,https://www.ocas.ch/en/node/45
GE,ge_social_services,https://www.ocas.ch/en/node/80,Allocations pour perte de gain | Ocas,page,1,https://www.ocas.ch/en
GE,ge_social_services,https://www.ocas.ch/en/node/78,Allocations familiales | Ocas,page,1,https://www.ocas.ch/en
GE,ge_social_services,https://www.ocas.ch/en/node/17,E-démarches & formulaires | Ocas,page,1,https://www.ocas.ch/en
GE,ge_social_services,https://www.ocas.ch/en/node/261,S'affilier à l'OCAS | Ocas,page,1,https://www.ocas.ch/en
GE,ge_social_services,https://www.ocas.ch/avseasy,AVSeasy | Ocas,page,1,https://www.ocas.ch/en
GE,ge_social_services,https://www.ocas.ch/sites/default/files/2025-02/AVSeasy_Enregistrement_2025_1.pdf,Guide d'enregistrement,pdf,2,https://www.ocas.ch/avseasy
GE,ge_social_services,https://www.ocas.ch/sites/default/files/2025-05/AVSeasy_Manuel_utilisation_2025_Employeurs_v5.pdf,Manuel d'utilisation Employeur,pdf,2,https://www.ocas.ch/avseasy
GE,ge_social_services,https://www.ocas.ch/sites/default/files/2025-11/AVSeasy_prise_en_main_rapide_Employeur.pdf,Prise en main rapide Employeur,pdf,2,https://www.ocas.ch/avseasy
GE,ge_social_services,https://www.ocas.ch/sites/default/files/2025-05/AVSeasy_Manuel_utilisation_2025_Independants_v5.pdf,Manuel d'utilisation Indépendant,pdf,2,https://www.ocas.ch/avseasy
GE,ge_social_services,https://www.ocas.ch/sites/default/files/2025-02/v2_AVS_Easy_guide_en_main_rapide_2025-1.pdf,Prise en main rapide Indépendant,pdf,2,https://www.ocas.ch/avseasy
GE,ge_social_services,https://www.ocas.ch/avs/reformes-de-lavs,Réformes de l'AVS | Ocas,page,1,https://www.ocas.ch/en
GE,ge_social_services,https://www.ocas.ch/ai/employeurs-ai,Employeurs (AI) | Ocas,page,1,https://www.ocas.ch/en
GE,ge_social_services,https://www.ocas.ch/sites/default/files/2025-10/Fiches_AI_Rea_Informations-generales.pdf,PDF,pdf,2,https://www.ocas.ch/ai/employeurs-ai
GE,ge_social_services,https://www.ocas.ch/sites/default/files/2025-10/Fiches_AI_Rea_Detection_precoce.pdf,PDF,pdf,2,https://www.ocas.ch/ai/employeurs-ai
GE,ge_social_services,https://www.ocas.ch/sites/default/files/2025-10/Fiches_AI_Rea_Intervention_precoce.pdf,PDF,pdf,2,https://www.ocas.ch/ai/employeurs-ai
GE,ge_social_services,https://www.ocas.ch/sites/default/files/2025-10/Fiches_AI_Rea_Mesures_de_reinsertion.pdf,PDF,pdf,2,https://www.ocas.ch/ai/employeurs-ai
GE,ge_social_services,https://www.ocas.ch/sites/default/files/2025-10/Fiches_AI_Rea_Orientation_professionnelle.pdf,PDF,pdf,2,https://www.ocas.ch/ai/employeurs-ai
GE,ge_social_services,https://www.ocas.ch/sites/default/files/2025-10/Fiches_AI_Rea_Placement-a-lessai.pdf,PDF,pdf,2,https://www.ocas.ch/ai/employeurs-ai
GE,ge_social_services,https://www.ocas.ch/sites/default/files/2025-10/Fiches_AI_Rea_Reclassement.pdf,PDF,pdf,2,https://www.ocas.ch/ai/employeurs-ai
GE,ge_social_services,https://www.ocas.ch/sites/default/files/2025-10/Fiches_AI_Rea_Allocation-initiation-au-travail.pdf,PDF,pdf,2,https://www.ocas.ch/ai/employeurs-ai
GE,ge_social_services,https://www.ocas.ch/sites/default/files/2025-10/202501_ocas_kit-ai_flyer-3volets_WEB.pdf,Le partenariat AI - Employeurs et le parcours de l'assuré,pdf,2,https://www.ocas.ch/ai/employeurs-ai
GE,ge_social_services,https://www.ocas.ch/en/node/898,Nouveautés et chiffres clés des assurances sociales 2026 | Ocas,page,1,https://www.ocas.ch/en
GE,ge_social_services,https://www.ocas.ch/sites/default/files/2024-11/Tables des cotisations PSA 2025.pdf,Tables des cotisations,pdf,2,https://www.ocas.ch/en/node/898
GE,ge_social_services,https://www.ocas.ch/sites/default/files/2024-11/f_Neue Beträge ab 01.01.2025_1260.pdf,document de l'OFAS,pdf,2,https://www.ocas.ch/en/node/898
GE,ge_social_services,https://www.ocas.ch/remboursement-de-prestations-ai,Remboursement AI | Ocas,page,1,https://www.ocas.ch/en
GE,ge_social_services,https://www.ocas.ch/e-demarches-pour-les-rentes,E-démarches pour les rentes | Ocas,page,1,https://www.ocas.ch/en
GE,ge_social_services,https://www.ocas.ch/e-demarches-pour-les-allocations-familiales,E-démarches pour les allocations familiales | Ocas,page,1,https://www.ocas.ch/en
GE,ge_social_services,https://www.ocas.ch/en/node/591,Transmission d'une attestation de formation | Ocas,page,1,https://www.ocas.ch/en
GE,ge_social_services,https://www.ocas.ch/en/node/260,Demande d'extrait de compte individuel | Ocas,page,1,https://www.ocas.ch/en
GE,ge_social_services,https://www.ocas.ch/en/node/265,Demande d'attestation fiscale / attestation de versement | Ocas,page,1,https://www.ocas.ch/en
GE,ge_social_services,https://www.ocas.ch/en/node/859,Demande d'affiliation Indépendant | Ocas,page,1,https://www.ocas.ch/en
GE,ge_social_services,https://www.ocas.ch/en/node/238,Demande d'attestation d'affiliation | Ocas,page,1,https://www.ocas.ch/en
GE,ge_social_services,https://www.ocas.ch/en/node/432,Transmission de mes certificats de salaire | Ocas,page,1,https://www.ocas.ch/en
GE,ge_social_services,https://www.ocas.ch/en/node/236,Modification de ma base d'acomptes | Ocas,page,1,https://www.ocas.ch/en
GE,ge_social_services,https://www.ocas.ch/en/node/263,Annonce de changement de coordonnées bancaires (AF) | Ocas,page,1,https://www.ocas.ch/en
GE,ge_social_services,https://www.ocas.ch/en/node/216,Modification de la masse salariale (Employeurs) | Ocas,page,1,https://www.ocas.ch/en
GE,ge_social_services,https://www.ocas.ch/actualites/allocation-familiale-differentielle-pour-les-frontaliers-1,Allocation familiale différentielle pour les frontaliers | Ocas,page,1,https://www.ocas.ch/en
GE,ge_social_services,https://www.ocas.ch/actualites/crans-montana-journee-de-deuil-national,Crans-Montana : journée de deuil national | Ocas,page,1,https://www.ocas.ch/en
GE,ge_social_services,https://www.ocas.ch/actualites/versements-2026-des-allocations-familiales,Versements 2026 des allocations familiales | Ocas,page,1,https://www.ocas.ch/en
GE,ge_social_services,https://www.ocas.ch/e-demarches-et-formulaires,E-démarches & formulaires | Ocas,page,1,https://www.ocas.ch/en
GE,ge_social_services,https://www.ocas.ch/en/node/566,Charte et politique de confidentialité | Ocas,page,1,https://www.ocas.ch/en
GE,ge_social_services,https://www.ocas.ch/en/sitemap,Sitemap | Ocas,page,1,https://www.ocas.ch/en
GE,ge_social_services,https://www.ocas.ch/en/node/488,Signaler un problème sur le site web | Ocas,page,1,https://www.ocas.ch/en
GE,ge_social_services,https://www.ocas.ch/en/node,| Ocas,page,2,https://www.ocas.ch/en/node/5
GE,ge_social_services,https://www.ocas.ch/actualites/apg-en-cas-de-service-numerisation-des-demandes-partir-de-2026,APG en cas de service : numérisation des demandes à partir de 2026 | Ocas,page,2,https://www.ocas.ch/en/actualites
GE,ge_social_services,https://www.ocas.ch/actualites/rentes-avsai-attestations-fiscales-2025-et-versements-2026,Rentes AVS/AI : attestations fiscales 2025 et versements 2026 | Ocas,page,2,https://www.ocas.ch/en/actualites
GE,ge_social_services,https://www.ocas.ch/actualites/locas-la-cite-des-metiers-0,L'OCAS à la Cité des métiers | Ocas,page,2,https://www.ocas.ch/en/actualites
GE,ge_social_services,https://www.ocas.ch/actualites/employeurs-ai-un-nouveau-kit-dinformation,Employeurs & AI : un nouveau kit d’information | Ocas,page,2,https://www.ocas.ch/en/actualites
GE,ge_social_services,https://www.ocas.ch/actualites/nouveautes-et-chiffres-cles-des-assurances-sociales-2026,Nouveautés et chiffres clés des assurances sociales 2026 | Ocas,page,2,https://www.ocas.ch/en/actualites
GE,ge_social_services,https://www.ocas.ch/actualites/journee-dechanges-sur-linsertion-professionnelle-des-personnes-deficientes-visuelles,Journée d’échanges sur l'insertion professionnelle des personnes déficientes visuelles | Ocas,page,2,https://www.ocas.ch/en/actualites
GE,ge_social_services,https://www.ocas.ch/sites/default/files/2025-09/flyer_DEVI_2e_edition.pdf,Découvrir le programme,pdf,3,https://www.ocas.ch/actualites/journee-dechanges-sur-linsertion-professionnelle-des-personnes-deficientes-visuelles
GE,ge_social_services,https://www.ocas.ch/actualites/focus-sur-la-contribution-dassistance,Focus sur la contribution d'assistance | Ocas,page,2,https://www.ocas.ch/en/actualites
GE,ge_social_services,https://www.ocas.ch/actualites/la-contribution-dassistance-une-autonomie-sur-mesure,"La contribution d'assistance, une autonomie sur mesure | Ocas",page,2,https://www.ocas.ch/en/actualites
GE,ge_social_services,https://www.ocas.ch/actualites/taxe-sur-le-co2-2025-redistribuee-en-2026,Taxe sur le CO2 2025 redistribuée en 2026 | Ocas,page,2,https://www.ocas.ch/en/actualites
GE,ge_social_services,https://www.ocas.ch/demarches-et-formulaires/demande-destimation-de-la-rente-avs,Demande d'estimation de la rente AVS | Ocas,page,2,https://www.ocas.ch/en/node/208
GE,ge_social_services,https://www.ocas.ch/,Office cantonal des assurances sociales de Genève | Ocas,page,2,https://www.ocas.ch/remboursement-ai
GE,ge_social_services,https://www.ocas.ch/a-propos,À propos de l'OCAS | Ocas,page,2,https://www.ocas.ch/remboursement-ai
GE,ge_social_services,https://www.ocas.ch/actualites,| Ocas |,page,2,https://www.ocas.ch/remboursement-ai
GE,ge_social_services,https://www.ocas.ch/avs/calculateurs-en-ligne,Calculateurs en ligne | Ocas,page,2,https://www.ocas.ch/remboursement-ai
GE,ge_social_services,https://www.ocas.ch/avs,Assurance-vieillesse et survivants | Ocas,page,2,https://www.ocas.ch/remboursement-ai
GE,ge_social_services,https://www.ocas.ch/ai,Assurance-invalidité | Ocas,page,2,https://www.ocas.ch/remboursement-ai
GE,ge_social_services,https://www.ocas.ch/apg,Allocations pour perte de gain | Ocas,page,2,https://www.ocas.ch/remboursement-ai
GE,ge_social_services,https://www.ocas.ch/af,Allocations familiales | Ocas,page,2,https://www.ocas.ch/remboursement-ai
GE,ge_social_services,https://www.ocas.ch/saffilier-locas,S'affilier à l'OCAS | Ocas,page,2,https://www.ocas.ch/remboursement-ai
GE,ge_social_services,https://www.ocas.ch/ai/particuliers,Particuliers | Ocas,page,2,https://www.ocas.ch/remboursement-ai
GE,ge_social_services,https://www.ocas.ch/ai/particuliers/readaptation-professionnelle,Réadaptation professionnelle | Ocas,page,2,https://www.ocas.ch/remboursement-ai
GE,ge_social_services,https://www.ocas.ch/ai/particuliers/rente-ai,Rente AI | Ocas,page,2,https://www.ocas.ch/remboursement-ai
GE,ge_social_services,https://www.ocas.ch/ai/particuliers/allocation-pour-impotent-ai,Allocation pour impotent AI | Ocas,page,2,https://www.ocas.ch/remboursement-ai
GE,ge_social_services,https://www.ocas.ch/ai/particuliers/contribution-dassistance,Contribution d'assistance | Ocas,page,2,https://www.ocas.ch/remboursement-ai
GE,ge_social_services,https://www.ocas.ch/sites/default/files/2024-02/employer_personnel_cda.pdf,Instructions sur la manière de remplir le contrat de travail,pdf,3,https://www.ocas.ch/ai/particuliers/contribution-dassistance
GE,ge_social_services,https://www.ocas.ch/sites/default/files/2026-01/cda_releve_horaire_assistant_260114_v4.pdf,Relevé horaire de l'assistant,pdf,3,https://www.ocas.ch/ai/particuliers/contribution-dassistance
GE,ge_social_services,https://www.ocas.ch/ai/particuliers/moyens-auxiliaires-ai,Moyens auxiliaires AI | Ocas,page,2,https://www.ocas.ch/remboursement-ai
GE,ge_social_services,https://www.ocas.ch/ai/particuliers/mesures-medicales,Mesures médicales | Ocas,page,2,https://www.ocas.ch/remboursement-ai
GE,ge_social_services,https://www.ocas.ch/sites/default/files/2025-10/Questionnaire_404_OIC-DFI.pdf,Questionnaire 404 OIC-DFI,pdf,3,https://www.ocas.ch/ai/particuliers/mesures-medicales
GE,ge_social_services,https://www.ocas.ch/sites/default/files/2025-10/Questionnaire_405_OIC-DFI.pdf,Questionnaire 405 OIC-DFI,pdf,3,https://www.ocas.ch/ai/particuliers/mesures-medicales
GE,ge_social_services,https://www.ocas.ch/aji,"Soutien, aide et orientation pour les jeunes | Ocas",page,2,https://www.ocas.ch/remboursement-ai
GE,ge_social_services,https://www.ocas.ch/ai/prestataires,Prestataires | Ocas,page,2,https://www.ocas.ch/remboursement-ai
GE,ge_social_services,https://www.ocas.ch/sites/default/files/2025-05/GUI_B0039_Medical_Invoice.pdf,guide de prise en main,pdf,3,https://www.ocas.ch/ai/prestataires
GE,ge_social_services,https://www.ocas.ch/sites/default/files/2020-11/Flyer_utilisation_facture_electronique.pdf,facturation électronique,pdf,3,https://www.ocas.ch/ai/prestataires
GE,ge_social_services,https://www.ocas.ch/sites/default/files/2026-01/prestataires_ai_accord_de_collaboration_2026.pdf,Accord de collaboration,pdf,3,https://www.ocas.ch/ai/prestataires
GE,ge_social_services,https://www.ocas.ch/sites/default/files/2025-01/Conditions_generales_2025.pdf,Conditions générales,pdf,3,https://www.ocas.ch/ai/prestataires
GE,ge_social_services,https://www.ocas.ch/sites/default/files/2025-01/Conditions_cadres_2025.pdf,Conditions cadres,pdf,3,https://www.ocas.ch/ai/prestataires
GE,ge_social_services,https://www.ocas.ch/sites/default/files/2026-01/Modele_Contrat_formation_Fpra_et_preparation_ciblee_art_16.pdf,Modèle de contrat de formation,pdf,3,https://www.ocas.ch/ai/prestataires
GE,ge_social_services,https://www.ocas.ch/sites/default/files/2026-01/Modele_Convention_stage_art_7d_14a_15_17_18.pdf,Modèle de convention de stage,pdf,3,https://www.ocas.ch/ai/prestataires
GE,ge_social_services,https://www.ocas.ch/sites/default/files/2022-06/com_adultes_fiche_mesures_readaptation.pdf,Schéma réadaptation – Adultes,pdf,3,https://www.ocas.ch/ai/prestataires
GE,ge_social_services,https://www.ocas.ch/sites/default/files/2022-06/com_jeunes_fiche_mesures_readaptation.pdf,Schéma réadaptation – Jeunes,pdf,3,https://www.ocas.ch/ai/prestataires
GE,ge_social_services,https://www.ocas.ch/ai/remboursement-ai,Remboursement AI | Ocas,page,2,https://www.ocas.ch/remboursement-ai
GE,ge_social_services,https://www.ocas.ch/ai/remboursement-ai/factures-particuliers,Factures | Particuliers | Ocas,page,2,https://www.ocas.ch/remboursement-ai
GE,ge_social_services,https://www.ocas.ch/sites/default/files/2026-01/GUI_B0044_Portail_remboursement_tutoriel.pdf,Tutoriel - inscription et demande de remboursement,pdf,3,https://www.ocas.ch/ai/remboursement-ai/factures-particuliers
GE,ge_social_services,https://www.ocas.ch/sites/default/files/2025-09/GUI_B0041_Guichet_en_ligne_de_l_AI.pdf,Guide complet,pdf,3,https://www.ocas.ch/ai/remboursement-ai/factures-particuliers
GE,ge_social_services,https://www.ocas.ch/ai/remboursement-ai/factures-medecins,Factures | Médecins | Ocas,page,2,https://www.ocas.ch/remboursement-ai
GE,ge_social_services,https://www.ocas.ch/sites/default/files/2022-11/facturation_rapports_entretiens_ai_2022.pdf,Facturation des rapports et entretiens AI,pdf,3,https://www.ocas.ch/ai/remboursement-ai/factures-medecins
GE,ge_social_services,https://www.ocas.ch/ai/remboursement-ai/factures-prestataires,Factures | Prestataires | Ocas,page,2,https://www.ocas.ch/remboursement-ai
GE,ge_social_services,https://www.ocas.ch/demarches-et-formulaires/facture-ai-en-euros,Facture AI en euros | Ocas,page,2,https://www.ocas.ch/remboursement-ai
GE,ge_social_services,https://www.ocas.ch/sites/default/files/2020-10/Facture_AI_en_euros.pdf,Facture AI en euros,pdf,3,https://www.ocas.ch/demarches-et-formulaires/facture-ai-en-euros
GE,ge_social_services,https://www.ocas.ch/charte-et-politique-de-confidentialite,Charte et politique de confidentialité | Ocas,page,2,https://www.ocas.ch/remboursement-ai
GE,ge_social_services,https://www.ocas.ch/sitemap,Sitemap | Ocas,page,2,https://www.ocas.ch/remboursement-ai
GE,ge_social_services,https://www.ocas.ch/demarches-et-formulaires/signaler-un-probleme-sur-le-site-web,Signaler un problème sur le site web | Ocas,page,2,https://www.ocas.ch/remboursement-ai
GE,ge_social_services,https://www.ocas.ch/en/node/13,Cotisations | Ocas,page,2,https://www.ocas.ch/en/node/11
GE,ge_social_services,https://www.ocas.ch/en/node/181,Employeurs | Ocas,page,2,https://www.ocas.ch/en/node/11
GE,ge_social_services,https://www.ocas.ch/en/node/132,Employeurs de personnel de maison | Ocas,page,2,https://www.ocas.ch/en/node/11
GE,ge_social_services,https://www.ocas.ch/sites/default/files/2025-12/Solida_LTN_Conditions.pdf,SOLIDA,pdf,3,https://www.ocas.ch/en/node/132
GE,ge_social_services,https://www.ocas.ch/en/node/133,Salariés | Ocas,page,2,https://www.ocas.ch/en/node/11
GE,ge_social_services,https://www.ocas.ch/en/node/136,Salariés d'un employeur non tenu de cotiser | Ocas,page,2,https://www.ocas.ch/en/node/11
GE,ge_social_services,https://www.ocas.ch/en/node/134,Indépendants | Ocas,page,2,https://www.ocas.ch/en/node/11
GE,ge_social_services,https://www.ocas.ch/en/node/135,Personnes sans activité lucrative | Ocas,page,2,https://www.ocas.ch/en/node/11
GE,ge_social_services,https://www.ocas.ch/sites/default/files/2024-11/Tables%20des%20cotisations%20PSA%202025.pdf,barème en vigueur,pdf,3,https://www.ocas.ch/en/node/135
GE,ge_social_services,https://www.ocas.ch/en/node/137,Étudiants | Ocas,page,2,https://www.ocas.ch/en/node/11
GE,ge_social_services,https://www.ocas.ch/en/node/128,Activités en Suisse et à l'étranger | Ocas,page,2,https://www.ocas.ch/en/node/11
GE,ge_social_services,https://www.ocas.ch/sites/default/files/2023-12/manuel_utilisation_alps_231110.pdf,manuel d'utilisation ALPS,pdf,3,https://www.ocas.ch/en/node/128
GE,ge_social_services,https://www.ocas.ch/sites/default/files/2026-02/Guide_situation_teletravail_transfrontalier_ALPS.pdf,guide pour annoncer les situations de télétravail transfrontalier,pdf,3,https://www.ocas.ch/en/node/128
GE,ge_social_services,https://www.ocas.ch/sites/default/files/2026-02/Tableau_activites_CH_UE.pdf,tableau,pdf,3,https://www.ocas.ch/en/node/128
