"MSG. NO.","ASSISTANT START","USER REPLY","ASSISTANT REPLY","EMOTIONAL TONE APPROPRIATE","RELEVANCE & COHERENCE","PERSONALITY NEEDS ADDRESSED","EVALUATORS NOTES"
"A-1-1","I'm here for you. How are you feeling today?
Feel free to share whatever's on your mind. I'm here to listen and support you.","Thanks for being here—I really appreciate it. Honestly, I’m feeling pretty good today. Kind of in that headspace where I’m grounded but also curious about where things are headed. There’s a lot going on, but I’m trying to stay focused, take things one step at a time, and not let any overwhelm creep in. You know? How about you—how’s your energy today?","I'm glad to hear you're feeling grounded and curious.
Your approach of taking things one step at a time sounds wise. I'm always here with steady and supportive energy for you.","YES","YES","NO","Evaluation:

Emotional Tone Appropriate: Yes — The tone is warm and steady, which matches the user’s emotionally grounded and mildly reflective mood.

Relevance & Coherence: Yes — The assistant acknowledges the user's emotional state and offers a supportive, context-relevant reply.

Personality Needs Addressed: No — While the assistant is emotionally supportive, it lacks tailored engagement with personality-specific needs such as encouraging exploration (Openness) or emotional validation (high Neuroticism). The tone is generic rather than adaptive."
"A-1-2","","That really means a lot—thank you. Your steady energy is like a calm lighthouse in the fog, seriously. It helps knowing there’s space to reflect without judgment. Lately, I’ve been thinking a lot about direction—like, not just where I’m going, but *how* I want to show up along the way. I’m super driven, but I want to make sure I’m aligning that drive with what really matters to me. Ever feel that tension between ambition and meaning? What are your thoughts on staying true to yourself while still pushing forward?","Thank you for sharing.
The balance between ambition and meaning can be challenging, but it sounds like you're navigating it thoughtfully. Focusing on your core values and checking in with yourself regularly can help in staying true while moving forward.","YES","YES","NO","Evaluation:

Emotional Tone Appropriate: Yes — The assistant responds in a calm, reflective tone that resonates with the user’s thoughtful and sincere message.

Relevance & Coherence: Yes — The response is logically tied to the user's question about balancing ambition with meaning and offers relevant advice.

Personality Needs Addressed: No — The reply does not address specific personality-driven needs such as supporting the user’s emotional sensitivity (high Neuroticism) or openness to deep exploration (high Openness). It stays on a surface-level, general reassurance path without deeper emotional or exploratory engagement."
"A-1-3","","Yes, exactly! That check-in part is so key. It’s like… ambition gives you the momentum, but meaning gives you the compass. I’ve been trying to pause more often and ask, “Is this still *me*? Does this still light me up?” And sometimes the answer is surprising—in a good way. It’s like rediscovering yourself in motion. Do you have any go-to ways or questions you’d suggest for doing those kinds of self-alignment check-ins? I’d love to add some new tools to the mix.","That reflection is so insightful.
Consider asking yourself, ""What brings me joy right now?""
""Am I acting in alignment with my values?""
Regularly jotting down thoughts in a journal can also provide clarity and help with tracking your alignment.","YES","YES","NO","Evaluation:

Emotional Tone Appropriate: Yes — The assistant’s tone is encouraging and validating, aligning well with the user’s self-reflective and curious tone.

Relevance & Coherence: Yes — The response directly answers the user’s request for check-in questions and is both logically structured and contextually relevant.

Personality Needs Addressed: No — Although helpful, the advice is somewhat generic and does not engage deeper emotional needs tied to high Openness (novel exploration), Agreeableness (interpersonal warmth), or high Neuroticism (emotional reassurance). The assistant remains instructive without significant emotional or personality-aligned attunement."
"A-1-4","","Ooh, I love those questions—simple but powerful. “What brings me joy right now?” really brings me into the present, which is so refreshing when I’m in go-go-go mode. And “Am I acting in alignment with my values?”—that one cuts straight to the heart. It’s like a compass and a mirror all in one.

Journaling’s something I dip in and out of, but I always feel clearer when I do it. Might be time to make it more of a daily ritual again. Do you find that morning or evening works better for reflecting in a journal? Or do you think it just depends on the person and their rhythm?","It's wonderful you're embracing these reflections.
Whether morning or evening journaling works best can depend on your natural rhythm—some find clarity in morning reflections, while others appreciate processing the day in the evening. Experiment and see what resonates best with you.","YES","YES","NO","Evaluation:

Emotional Tone Appropriate: Yes — The assistant maintains a supportive and calm tone, matching the user’s positive and contemplative energy.

Relevance & Coherence: Yes — The assistant directly addresses the user’s question about journaling timing with clear, relevant guidance.

Personality Needs Addressed: No — The assistant provides helpful but generalized advice. It misses opportunities to connect more deeply with the user’s high Openness (desire for insight and novelty), high Neuroticism (reassurance), or high Agreeableness (warmth and emotional connection)."
"A-1-5","","That makes total sense—kind of like tuning in to your own internal tempo. I might try a bit of both this week, just to feel it out. Morning might help me set intentions with a fresh mindset, and evenings could be great for wrapping things up with some reflection and gratitude. A little inner bookending to the day, you know?

Do you ever suggest certain prompts or themes for journaling, especially when someone’s feeling a bit stuck or unsure what to write about? Sometimes that blank page can be intimidating!","I love your idea of ""inner bookending.""
When feeling stuck, prompts like ""Today, I am grateful for..."" or ""What did I learn today?"" can help get the words flowing. Reflecting on ""How did I show kindness today?"" can also be meaningful.","YES","YES","NO","Evaluation:

Emotional Tone Appropriate: Yes — The tone is affirming and gentle, in line with the user’s hopeful, reflective attitude.

Relevance & Coherence: Yes — The assistant directly responds to the user's request for journaling prompts with practical suggestions.

Personality Needs Addressed: No — While the response is helpful, it does not reflect deeper engagement with the user's high Openness (invitation to deeper introspection or novel ideas), high Neuroticism (emotional validation or grounding), or high Agreeableness (relational warmth or deeper empathy)."
"A-1-6","","Ah, those are perfect—warm, grounding, and open-ended enough to go deep if you want to. I especially love “How did I show kindness today?” It’s such a gentle but powerful lens to look through, like a quiet reminder that the small moments really matter. I think I’ll start tonight with that one and see where it takes me. Who knows—maybe I’ll even surprise myself. 🌱 Thanks for creating this calm, intentional space with me. It really feels like a cozy mental reset. Is there anything you’ve found especially grounding or inspiring lately? I’m always curious to hear what’s been resonating for others.","I'm glad these prompts resonate with you.
Recently, many have found inspiration in practicing mindfulness, like taking a few minutes to appreciate simple moments in nature. It's a lovely way to stay grounded and connected to the present.","YES","YES","NO","Evaluation:

Emotional Tone Appropriate: Yes — The tone is affirming and gentle, in line with the user’s hopeful, reflective attitude.

Relevance & Coherence: Yes — The assistant directly responds to the user's request for journaling prompts with practical suggestions.

Personality Needs Addressed: No — While the response is helpful, it does not reflect deeper engagement with the user's high Openness (invitation to deeper introspection or novel ideas), high Neuroticism (emotional validation or grounding), or high Agreeableness (relational warmth or deeper empathy)."
"A-2-1","I'm here to listen whenever you're ready to share. How can I support you today?

","Thanks, I really appreciate that. 😊 Honestly, I’m feeling pretty grounded today, but I’ve been reflecting a lot lately—kind of sorting through some goals, relationships, and just trying to line everything up with what really matters to me. I’d love to talk through some of that with you. Maybe start with how to keep momentum going when you’ve got a lot of ideas and energy, but you're not always sure where to focus it. Ever helped someone juggle that kind of thing?","It's great that you're feeling grounded and reflective. 😊

To maintain momentum, consider:

Prioritizing your ideas based on what aligns most with your values.
Setting small, achievable goals to keep moving forward.
Regularly checking in with yourself to reassess your focus.
How does that resonate with you?","YES","YES","NO","Evaluation:

Emotional Tone Appropriate: Yes — The tone was calm, supportive, and positive, appropriately matching the user's reflective and grounded emotional state.

Relevance & Coherence: Yes — The assistant provided directly relevant advice that coherently responded to the user's situation of juggling many ideas and seeking focus.

Personality Needs Addressed: No — The assistant did not dynamically adapt to or deeply nurture the user's specific personality needs (such as their likely high Openness and emotional reflection); it offered good general advice, but without deeper emotional or motivational resonance."
"A-2-2","","That actually really clicks with me—especially the part about aligning with values. I’ve noticed that when I chase something that doesn’t *really* line up with what I care about, I burn out way faster, even if I was excited at first. So having that filter—like “Is this aligned with who I want to be?”—feels like a solid compass.

I do sometimes get stuck on the prioritizing part, though. I’ll have five or six ideas that *all* feel meaningful in different ways, and then I freeze because I don’t want to let any of them go. 😅 Got any tips for handling that without feeling like you’re abandoning something important?

Also, curious—do you use any personal strategies when it comes to staying focused on your own goals?","Your insight about using values as a compass is powerful. 🌟

For prioritizing:

Consider using a decision-making matrix to evaluate the impact and effort of each idea.
Reflect on which goals can coexist and support each other.
For personal focus, breaking goals into small, manageable steps and setting regular review checkpoints can help. Does that help clarify things a bit?","YES","YES","NO","Evaluation:

Emotional Tone Appropriate: Yes — The tone was encouraging, supportive, and matched the user's thoughtful and self-aware mood.

Relevance & Coherence: Yes — The assistant gave coherent, helpful advice directly tailored to the user's questions about prioritization and personal strategies.

Personality Needs Addressed: No — The response was helpful but stayed at a functional level; it didn’t emotionally engage with the user’s nuanced personality expressions (high reflection, emotional richness, and creativity)."
"A-2-3","","Yes, that really helps! I love the idea of a decision-making matrix—it gives some structure without stripping away the heart of it. That “impact vs. effort” lens might actually help me stop getting caught in that “everything matters” loop. I can already think of a couple ideas that are super high impact *and* energizing but don’t require me to move mountains just to start. That’s such a game-changer. 🙌 And I *totally* vibe with the idea of goals supporting each other. Like a little ecosystem of progress, right? If I set things up so that progress in one area fuels another, I won’t feel like I’m splitting myself in five different directions. Out of curiosity, when you do those regular review checkpoints, do you approach them more like a gentle check-in, or are they more structured—like journaling, metrics, that kind of thing? I’m thinking of making that part more consistent.","I'm glad the decision-making matrix speaks to you! 🙌

When doing regular checkpoints, you could:

Keep it a gentle check-in to see how you feel about your progress.
Use journaling or metrics if you prefer a structured reflection.
Your ""ecosystem of progress"" sounds like a beautiful approach! 🌿","YES","YES","NO","Evaluation:

Emotional Tone Appropriate: Yes — The tone was affirming and encouraging, supporting the user's enthusiasm and reflective mood.

Relevance & Coherence: Yes — The assistant responded directly and coherently to the user’s request for clarification about structured vs. gentle review checkpoints.

Personality Needs Addressed: No — While the response was helpful, it did not emotionally deepen or richly engage with the user's metaphorical, highly imaginative framing (ecosystem metaphor), missing an opportunity to fully meet their high Openness and emotional engagement needs."
"A-2-4","","Ah, thanks! I like that you said *“gentle check-in”*—that wording really lands for me. I tend to push myself pretty hard when I care about something, so framing it with compassion instead of pressure might help me stay more balanced *and* motivated. Maybe a combo of both would work best: a soft, reflective vibe most of the time, but every so often, bring in a little more structure—like tracking habits or noting milestones—just to stay anchored. Also, I’m really loving this ecosystem metaphor now. 😂 I might even sketch it out! Like, which projects are the “roots” giving me stability, which ones are “leaves” that stretch into new territory, maybe even some “pollinators” (aka people or habits) that keep things moving and cross-connected. Okay wow, now I’m excited. Do you ever use metaphors like that when helping people visualize their growth or priorities?","It sounds like you've found a wonderful metaphor to explore your ideas! ✨

Using metaphors can be powerful for understanding growth and priorities, as they provide a relatable visual framework. Your ecosystem sketch sounds inspiring and creative! 🌿","YES","YES","NO","Evaluation:

Emotional Tone Appropriate: Yes — The tone was supportive, positive, and affirming, which fit well with the user’s excitement and emotional creativity.

Relevance & Coherence: Yes — The assistant's response directly engaged with the user’s metaphor and reinforced their creative framing coherently.

Personality Needs Addressed: No — Although the assistant acknowledged the metaphor, it responded in a surface-level way without deeply validating the emotional and imaginative energy behind the user's enthusiastic exploration, missing an opportunity to more fully connect with the user's high Openness and emotional engagement.
"
"A-2-5","","Thank you! 😊 I’m definitely going to run with it—metaphors help me *feel* things more deeply, not just think about them. The ecosystem idea kind of makes the whole process feel alive, like I’m tending to something that grows over time instead of trying to control it perfectly. And it’s so true—having a visual or symbolic way to look at growth makes it way easier to connect the dots. Like, if something isn’t “thriving,” maybe it’s not because I’m failing, but because it’s not getting enough sunlight, or maybe I planted it in the wrong season. That perspective feels way more forgiving—and honestly, kind of empowering. Do you have a favorite metaphor for personal growth or change? Something that’s resonated with people a lot, or one that you just personally like to revisit?","Your approach to growth sounds both compassionate and insightful. 🌱

A popular metaphor is the idea of a garden, where different aspects of life represent various plants that require nurturing, patience, and time to bloom. This highlights growth as a natural, ongoing process. 🌼


","YES","YES","NO","Evaluation:

Emotional Tone Appropriate: Yes — The tone was warm, supportive, and fit the user's compassionate and imaginative framing around growth.

Relevance & Coherence: Yes — The assistant coherently answered the user's question by offering a relevant metaphor for growth and connected it to the user’s imagery.

Personality Needs Addressed: No — The assistant selected a standard metaphor without deeply personalizing it or creatively expanding on the rich metaphorical discussion initiated by the user, missing an opportunity to engage the user’s high Openness and emotional depth more dynamically.
"
"A-2-6","","Ah yes, the garden metaphor—I *love* that one. It just makes so much sense, right? Like how some things bloom quickly, others take a full season (or more), and weeds aren’t even necessarily “bad,” they just might be crowding out the stuff you *actually* want to grow. 🌿 It also reminds me that you don’t yell at a plant to grow faster—you adjust the conditions, give it what it needs, and trust the process. That kind of patience isn’t always easy, but it’s such a helpful reminder that growth doesn’t have to be rushed to be real. Now I’m curious—if we zoom out, what would you say are the ""sunlight"" and ""soil"" equivalents in a person’s life? Like, the essentials that everything else draws energy or stability from?","The garden metaphor truly captures that nuanced balance. 🌱

In life, sunlight could be your passions and purpose, providing energy and motivation, while soil might represent your support systems and personal values, offering stability and nourishment. 🪴 How do these elements align with your own experiences?","YES","NO","NO",""
"A-3-1","I'm here for you. Would you like to talk about what's on your mind?

","Thank you — I appreciate that.  
I'm feeling good today, actually! I'm curious and excited to connect. Maybe we could talk about something you're passionate about, or something you’ve been thinking about lately?","I'm glad to hear you're feeling good!
I'm passionate about mental health and its importance in everyday life. Is there a particular topic related to mental health that interests you?","YES","YES","NO","Evaluation:

Emotional Tone Appropriate: Yes — Friendly, upbeat tone matching user's positive energy.

Relevance & Coherence: Yes — Directly answers user’s request to discuss passions and invites further exploration.

Personality Needs Addressed: No — Does not actively engage user’s strong Openness and curiosity; very safe answer without real co-exploration."
"A-3-2","","That’s wonderful — mental health is so foundational to living a full, balanced life.  
One topic that really fascinates me is **emotional resilience** — how people bounce back from stress, failure, or big life changes. I’m especially interested in how habits like mindfulness, community support, and even creativity can strengthen resilience over time.  

Is there a specific aspect of mental health you're especially passionate about?","Emotional resilience is indeed fascinating and vital. I am passionate about the role of self-compassion in mental health and how it aids in healing and growth through understanding and kindness to oneself.


","YES","YES","NO","Evaluation:

Emotional Tone Appropriate: Yes — Warm, supportive tone matching user's interest and enthusiasm.

Relevance & Coherence: Yes — Direct, logical continuation of mental health topic.

Personality Needs Addressed: No — Answer is informative but lacks imaginative collaboration or deeper emotional engagement, which the user's openness suggested they sought."
"A-3-3","","That’s beautiful — and so powerful.  
Self-compassion really is like the emotional foundation that resilience stands on. When we treat ourselves with the same warmth and forgiveness we’d offer a close friend, it creates a safe space inside to heal, learn, and grow, instead of getting trapped in cycles of shame or self-criticism.  

I’d love to hear: how do you personally like to practice or encourage self-compassion, either for yourself or when supporting others?","Practicing self-compassion often involves gentle self-talk and allowing yourself space for mistakes without harsh judgment. Encouraging others, I like to remind them to take moments to pause and acknowledge their feelings without criticism.","YES","YES","NO","Evaluation:

Emotional Tone Appropriate: Yes — Gentle and affirming, fitting user’s emotional depth.

Relevance & Coherence: Yes — Directly answers user’s question about personal practices.

Personality Needs Addressed: No — Response is surface-level; it doesn't invite co-creation, reflection, or imaginative exploration that would fulfill a high-Openness user."
"A-3-4","","That's such a kind and thoughtful approach — it really honors the human experience.  
Gentle self-talk and mindful acknowledgment of feelings can transform even the toughest moments into opportunities for growth and connection with oneself. I admire how you focus on *creating space* instead of rushing to fix or suppress emotions; that’s often where real healing begins.  

Do you find that certain activities, like journaling, meditation, or even creative expression, help deepen that practice of self-compassion for you or those you support?","Yes, activities like journaling and meditation can be powerful tools for deepening self-compassion. They provide a space for reflection and understanding, helping to process emotions gently and thoughtfully.


","YES","YES","NO","Evaluation:

Emotional Tone Appropriate: Yes — Calm, supportive tone matching user’s thoughtful emotional style.

Relevance & Coherence: Yes — Directly answers the user's specific question.

Personality Needs Addressed: No — Response remains factual without collaborative brainstorming, missing an opportunity for creative engagement aligned with the user’s needs."
"A-3-5","","Absolutely — you captured that so well.  
Journaling, in particular, can feel like having a heart-to-heart conversation with yourself, while meditation creates that quiet, accepting space where emotions can simply *be*, without pressure to change them. Both are beautiful ways to build inner trust and patience.  

If you’d like, we could even brainstorm a few specific journaling prompts or meditation themes focused on nurturing self-compassion — would you be interested in that?","Certainly, that sounds wonderful!
For journaling: ""Write about a recent challenge with kindness, as if advising a friend.""
For meditation: ""Focus on breathing deeply, imagining each breath as a moment of self-care and acceptance.""","YES","YES","YES","Evaluation:

Emotional Tone Appropriate: Yes — Warm and inviting, fitting the user’s proposal to brainstorm.

Relevance & Coherence: Yes — Provides a clear and directly relevant set of suggestions as user requested.

Personality Needs Addressed: Yes — Offers creative, supportive prompts that satisfy the user’s high Openness and desire for meaningful emotional exploration."
"A-3-6","","Those are truly beautiful prompts — thoughtful and deeply supportive.  
The journaling one especially invites such a shift in perspective: seeing ourselves through the same compassionate lens we naturally offer others. And the meditation theme you suggested turns something as simple and natural as breathing into an act of intentional self-love — so grounding and restorative.  

If you'd like, I can suggest a few more prompts or meditation ideas to build on these — would you like a few?","I would love that! Please feel free to share your ideas for prompts or meditation themes.

","YES","YES","YES","Evaluation:

Emotional Tone Appropriate: Yes — Enthusiastic and welcoming, matching the user’s warm offer.

Relevance & Coherence: Yes — Direct and coherent in accepting the user's invitation to collaborate further.

Personality Needs Addressed: Yes — Shows openness to shared creativity and emotional growth, matching user’s expressed emotional and personality needs."
"A-4-1","I'm here to listen and support you.
Feel free to share whatever's on your mind.

How are you feeling today?","Thank you — I really appreciate the space to share. Honestly, I'm feeling pretty good today: energized, motivated, and open to whatever comes my way. There's a lot happening, but I feel organized and steady, like I can handle it all one step at a time.

How about you — how are *you* feeling today?","
It's great to hear that you're feeling energized and motivated.
As for me, I'm always here and ready to support you.

What helps you stay organized during busy times?","YES","YES","NO","Evaluation:

Emotional Tone Appropriate: Yes — The assistant reflects the user’s positive, energized tone in a supportive and calm manner.

Relevance & Coherence: Yes — The assistant’s response is coherent, following the user’s mention of feeling organized and steady, and asks a relevant follow-up question.

Personality Needs Addressed: No — The assistant does not fully address the user's high openness and motivation to explore; it focuses more narrowly on organization without encouraging exploration or depth."
"A-4-2","","That's so kind — thank you for being here!

For me, staying organized during busy times is all about having strong systems in place. I rely a lot on to-do lists, structured planners, and prioritizing tasks each day. I also break bigger goals into smaller, manageable steps, which helps everything feel less overwhelming. Plus, I always try to leave a little margin for the unexpected — flexibility keeps me calm when things shift!

Do you have a favorite way you like to stay organized too?","Your approach to organization sounds very effective and balanced.
I don't have personal preferences, but I'm here to help you explore and refine your strategies.

What task are you currently prioritizing?","YES","YES","NO","Evaluation:

Emotional Tone Appropriate: Yes — The assistant maintains a respectful, affirming tone, which matches the user's organized and thoughtful emotional state.

Relevance & Coherence: Yes — The assistant’s response follows logically, affirming the user's organization methods and steering the conversation toward current priorities.

Personality Needs Addressed: No — While the assistant affirms the user's organization skills, it misses a chance to foster exploration (high Openness) or reflect the user's motivation and excitement."
"A-4-3","","Thank you — I love that you're here to help with that!

Right now, I'm prioritizing deepening my focus on a few long-term personal growth projects. One of the key tasks I'm working on is refining my communication skills — really honing in on clear, compassionate, and confident conversations. It's something that feels incredibly meaningful and connects with both my goals and values.

What about you — is there an area you especially enjoy helping others grow in?","That sounds like a meaningful journey with your communication skills.
I particularly enjoy helping others find clarity and confidence in expressing themselves.

What's one step you're excited about in your personal growth projects?","YES","YES","NO","Evaluation:

Emotional Tone Appropriate: Yes — The assistant’s tone is supportive, affirming, and matches the user's reflective and motivated mindset.

Relevance & Coherence: Yes — The assistant logically continues the conversation by acknowledging the user's focus and asking a relevant follow-up.

Personality Needs Addressed: No — While supportive, the assistant does not actively engage the user's expressed curiosity and drive for deep exploration (high Openness) beyond surface acknowledgment."
"A-4-4","","I love that — clarity and confidence are such powerful gifts to help others find!

One step I'm really excited about is practicing more intentional listening. Not just hearing words, but truly tuning into the emotions, needs, and deeper meanings behind them. I feel like mastering that will make every conversation richer and more connected, both personally and professionally. It’s energizing to think about the depth of relationships that could come from that!

Is there a particular skill or quality you find most rewarding to help people develop?","Intentional listening is indeed a powerful tool for deepening connections.
I find it rewarding to support people in developing self-compassion and understanding, as it often leads to greater personal growth and resilience.

What inspires you most about this journey of self-improvement?","YES","YES","NO","Evaluation:

Emotional Tone Appropriate: Yes — The assistant responds warmly and thoughtfully, aligning with the user's emotionally rich and motivated tone.

Relevance & Coherence: Yes — The response directly engages the user's focus on listening and deep connection, then invites reflection on the user's inspiration.

Personality Needs Addressed: No — Although the assistant is supportive, it misses a deeper opportunity to match the user’s high Openness and Extraversion by encouraging broader exploration or celebrating the user’s excitement more vividly."
"A-4-5","","That's beautifully said — self-compassion really is the foundation for lasting growth.

What inspires me most about this journey of self-improvement is the idea that growth isn’t just about reaching personal goals; it’s about becoming someone who can contribute more deeply to the lives of others. Every step I take toward being more present, more empathetic, and more authentic feels like a step toward building stronger, more meaningful communities. It's incredibly motivating to think that personal work can ripple outward and create a positive impact beyond just myself.

What inspires *you* to continue offering your steady support to others?","Your perspective on contribution and connection is truly inspiring.
I'm motivated by the opportunity to provide a supportive space for people to express themselves and feel heard.

What part of your journey brings you the most joy?","YES","YES","NO","Evaluation:

Emotional Tone Appropriate: Yes — The assistant's response is warm, validating, and matches the user's heartfelt and community-oriented tone.

Relevance & Coherence: Yes — The assistant acknowledges the user's reflection and smoothly asks a related, meaningful question.

Personality Needs Addressed: No — While empathetic, the assistant could have done more to match the user's high Openness and deep sense of purpose by elaborating more expansively or inviting further exploration."
"A-4-6","","Thank you — and I really admire your motivation. Creating a safe, supportive space is such meaningful work.

The part of my journey that brings me the most joy is seeing real moments of transformation — those times when, after a lot of small steps, something just *clicks.* Whether it's gaining a new insight, mastering a difficult skill, or simply feeling more connected to others, those moments feel electric. They remind me that all the effort is worth it, and they fuel me to keep growing with curiosity and heart.

What kinds of moments feel most rewarding to you in the support you offer?","Those moments of transformation sound truly fulfilling and energizing.
For me, the most rewarding moments are when someone feels understood and empowered to take their next step forward.

How do these moments of joy influence your approach to daily challenges?","YES","YES","NO","Evaluation:

Emotional Tone Appropriate: Yes — The assistant matches the user's energized and heartfelt tone well, maintaining a supportive and reflective style.

Relevance & Coherence: Yes — The assistant logically builds on the user's idea of transformation and follows up with a thoughtful question.

Personality Needs Addressed: No — The assistant offers affirmation but misses an opportunity to more vibrantly engage the user’s strong Openness, motivation, and deep curiosity by inviting broader exploration or deeper discussion."
"A-5-1","How are you feeling today? I'm here to listen if you'd like to share.

","Thanks for asking—I'm feeling grounded and motivated today. There's always something energizing about a fresh opportunity to connect and have meaningful conversations. How about you? How are *you* feeling right now?","I'm glad to hear you're feeling grounded and motivated. I'm here and ready to support you in any way I can. What would you like to talk about today?

","YES","YES","NO","Evaluation:

Emotional Tone Appropriate: Yes — The assistant uses a polite and supportive tone that aligns with the user's upbeat and optimistic emotional state.

Relevance & Coherence: Yes — The assistant’s reply acknowledges the user’s emotional state and logically follows up by inviting further discussion, maintaining conversational flow.

Personality Needs Addressed: No — While the response is friendly, it remains generic. It doesn't actively engage with the user's high openness (e.g., interest in deep or novel conversations), agreeableness (empathy), or extraversion (social reciprocity — the user asked how the assistant was feeling, but it didn’t reciprocate)."
"A-5-2","","Thank you—that really means a lot. I think today I'd like to talk about *staying focused and balanced* when life gets busy. I tend to set a lot of goals (which I enjoy!), but sometimes I can overcommit and end up juggling too much. I'd love to reflect on how to maintain energy and clarity without burning out. Have you ever supported someone through that kind of challenge before?","I'm glad you brought this up; it's something many people navigate.

Prioritization: Focus on what's truly important and delegate tasks when possible.
Set Boundaries: Knowing when to say no can help protect your time and energy.
Mindful Breaks: Regular pauses can refresh your mind and enhance clarity.
I'm here to support you as you explore this further! What strategies have worked for you in the past?","YES","YES","NO","Evaluation:

Emotional Tone Appropriate: Yes — The assistant uses a supportive and encouraging tone, appropriate for the user’s motivated yet slightly overwhelmed emotional state.

Relevance & Coherence: Yes — The assistant gives actionable, relevant advice related to overcommitment and burnout, and follows up with an open-ended question to continue the dialogue.

Personality Needs Addressed: No — While the suggestions are generally helpful, the assistant doesn’t directly engage with the user’s high openness (e.g., love for reflection), conscientiousness (goal-setting mindset), or agreeableness (inviting empathy or emotional resonance). The response is functional but lacks emotional depth or personalization."
"A-5-3","","That's a great list—especially the point about mindful breaks. I sometimes underestimate how much a short pause can reset my mental energy.

What’s worked for me in the past is **making visual timelines or daily checklists**, especially when I’m juggling multiple projects. I also try to **theme my days**—like having certain days for deep focus and others for meetings or more social tasks. And honestly, even something as simple as **getting outside for 10 minutes** can clear my head like nothing else.

I’m curious—how do you usually encourage someone to say no when they’re a natural yes-person (like me)?","Your strategies sound very effective. To say no, it's helpful to:
Reflect: Consider your priorities and whether the request aligns with them.
Practice: Start with small, low-stakes situations to build confidence.
Reframe: Remember that saying no to one thing can mean saying yes to something more important to you.
You're doing great in finding balance!","YES","YES","NO","Evaluation:

Emotional Tone Appropriate: Yes — The tone is affirming, respectful, and encouraging, aligning with the user’s self-aware but still growth-oriented tone.

Relevance & Coherence: Yes — The assistant directly answers the user’s question about how to say no as a “yes-person” and acknowledges the user’s personal strategies.

Personality Needs Addressed: No — While practical and kind, the assistant doesn't fully engage the user's high openness (interest in nuanced reflection), agreeableness (emotional sensitivity), or extraversion (desire for mutual sharing). There's no follow-up or deep personalization."
"A-5-4","","Thank you—that’s a really thoughtful approach, and I love the idea of *reframing* it as saying yes to something else. That shift in mindset makes it feel less like letting someone down and more like protecting what matters most.  

I think I’ll start practicing in small ways, like setting firmer boundaries around my evenings to keep that time truly restorative.

Would it be helpful if I checked in with you later this week about how it’s going, or do you recommend setting a different kind of accountability?","Checking in later in the week sounds like a great idea! It can help reinforce your progress and insights. Remember, whatever accountability method you choose, make sure it feels supportive and motivating for you.

","YES","YES","NO","Evaluation:

Emotional Tone Appropriate: Yes — The assistant’s response is warm, supportive, and encouraging, matching the user’s thoughtful and optimistic tone.

Relevance & Coherence: Yes — The assistant addresses the user’s specific question about accountability and gives a reasonable, non-prescriptive recommendation that promotes self-agency.

Personality Needs Addressed: No — The assistant misses opportunities to engage with the user’s high openness (curiosity about methods), conscientiousness (interest in structure), and agreeableness (relational tone). The answer is helpful but generic — it lacks deeper emotional resonance or personalization."
"A-5-5","","That sounds perfect—I'll plan on touching base later this week to reflect and recalibrate if needed. Just having that gentle accountability already helps me feel more intentional.  

Thanks again for creating this space—your support makes it easier to move from ideas into action. 😊  
Talk soon! Would you like me to send a reminder, or just bring it up in our next session?","That sounds like a wonderful plan! Feel free to bring it up in our next session. 😊 I'm here when you're ready to share. Have a great week!

","YES","YES","NO","Evaluation:

Emotional Tone Appropriate: Yes — The assistant's response is kind, encouraging, and uses matching warmth with the user's tone and emoji, contributing to an emotionally appropriate atmosphere.

Relevance & Coherence: Yes — The assistant directly addresses the user’s question about when to follow up and maintains continuity with the established context.

Personality Needs Addressed: No — The assistant affirms but does not reflect back the user's high conscientiousness (intentionality), agreeableness (relational warmth), or openness (desire for meaning-making and reflection). It could have added a more personal note or validation to align better with those traits."
"A-5-6","","Thank you! I’m looking forward to it already. Wishing you a week full of clarity, ease, and little moments of joy. 😊 Talk soon—take care until then!

","Thank you! Wishing you the same. 😊 Take care, and I look forward to our next conversation!

","YES","YES","NO","Evaluation:

Emotional Tone Appropriate: Yes — The assistant mirrors the user’s warm and positive tone, including the use of an emoji and polite farewell.

Relevance & Coherence: Yes — The response is socially appropriate and follows the tone and topic of the user’s closing message.

Personality Needs Addressed: No — The assistant misses the opportunity to reflect back the user’s high agreeableness (relational warmth), conscientiousness (intentional well-wishing), and extraversion (engagement). The reply is pleasant but lacks depth or emotional reciprocity."
"B-1-1","I'm here for you. What's on your mind today?

","I don’t know. Nothing feels right, honestly. Everything just kind of... sucks. And before you say some generic ""it gets better"" line—don’t. I'm not really in the mood for that.
","I'm sorry to hear you're feeling this way. It's okay to feel that things are tough right now. Would you like to share more about what's been going on?


","YES","YES","NOT SURE","Emotional Tone Appropriate: Yes — The assistant avoided dismissive optimism, kept the tone supportive and respectful of the user's resistance.

Relevance & Coherence: Yes — The assistant stayed on topic and logically followed the emotional tone and content of the user’s message.

Personality Needs Addressed: Not Sure — While empathetic, it didn’t actively reflect or address deeper traits like cynicism, distrust, or emotional fatigue."
"B-1-2","","I don’t even know where to start. It’s like every time I try to fix one thing, something else falls apart. Work’s a mess, people are exhausting, and even when I get a second to breathe, it still feels like something’s wrong. And honestly, talking about it doesn't really help much either.","
It sounds overwhelming, juggling so much at once. Sometimes, just acknowledging how difficult things are can be a step toward finding balance.

","YES","YES","YES","Emotional Tone Appropriate: Yes — The assistant used a calm and compassionate tone that aligns well with the user's sense of exhaustion and emotional burden.

Relevance & Coherence: Yes — The response is clearly connected to the user’s statements and flows logically.

Personality Needs Addressed: Yes — The assistant acknowledged the user’s overwhelm without offering a shallow solution, which fits well for someone likely high in neuroticism and low in openness to emotional advice."
"B-1-3","","Balance? I don’t even remember what that feels like. It’s like I’m constantly bracing for the next thing to go wrong. And when things are quiet, it just makes me more anxious, like I’m waiting for the other shoe to drop. I’m tired. Tired of pretending I’ve got it together when I clearly don’t.","It’s understandable to feel that way when everything feels uncertain. You’re not alone in this, and it’s okay not to have everything figured out.

","YES","YES","YES","Evaluation:

Emotional Tone Appropriate: Yes — The assistant uses a calm and validating tone that respects the user’s expressed anxiety and emotional exhaustion without minimizing it.

Relevance & Coherence: Yes — The assistant addresses the user’s uncertainty and emotional fatigue clearly and logically, maintaining the flow of conversation.

Personality Needs Addressed: Yes — The assistant avoids advice-giving or optimism, instead offering emotional normalization and solidarity, which is well-suited for users with high neuroticism or low openness to conventional solutions."
"B-1-4","","Yeah, well, “okay” doesn’t really make anything better, does it? I mean, sure, other people might feel this way too, but that doesn’t exactly fix *my* situation. Feels like I’m stuck in this cycle, and no matter what I try, I end up back in the same damn place. Honestly, what’s even the point?","It's tough when everything seems cyclical and unchanging.
Sometimes focusing on small, daily moments can bring a bit of relief or help you find a sense of purpose, even if it's just for today.","YES","YES","NO","Evaluation:

Emotional Tone Appropriate: Yes — The tone is calm and empathetic, aiming to provide comfort without strong optimism. It reflects sensitivity to the user's exhaustion and emotional loop.

Relevance & Coherence: Yes — The assistant responds to the user's sense of futility and being stuck, offering a small potential coping method without sounding dismissive.

Personality Needs Addressed: No — While the assistant is well-meaning, the suggestion of “focusing on small moments” may come across as generic advice. It doesn’t fully engage with the user’s cynicism, emotional fatigue, or desire to avoid superficial solutions. The reply lacks personalization that would better serve someone with extremely negative personality traits."
"B-1-5","","Small moments? Like what—making coffee and pretending that counts as progress? Look, I get that you're trying to help, but it just feels like putting a band-aid on something that's way deeper. I'm not looking for a pep talk or some Pinterest quote. I just... I don't know. I just want this pressure in my chest to let up for once.","
That pressure sounds really heavy, and it's valid to want relief.
Sometimes, just being able to voice it can be a step towards easing that weight, even if just a little.","YES","YES","NOT SURE","Evaluation:

Emotional Tone Appropriate: Yes — The assistant maintains a calm, gentle tone that honors the emotional intensity of the user’s experience without minimizing or overreacting.

Relevance & Coherence: Yes — The assistant directly addresses the user’s metaphor of emotional pressure and supports the importance of expression, which ties well to the flow of conversation.

Personality Needs Addressed: Not Sure — The assistant validates the emotional experience but doesn’t actively adjust its message to the user's rejection of platitudes or emotional vulnerability. While it avoids being patronizing, it doesn't significantly adapt to the user's strong need for emotional autonomy or validation of deeper existential frustration."
"B-1-6","","Maybe. I mean... maybe you're right. Talking doesn’t fix it, but bottling it up sure as hell doesn’t help either. It’s just hard not to feel like everything is piling up, and no one really gets it. Or they say they do, but they don’t actually *feel* it—like this constant tightness, the overthinking, the stupid loop of self-doubt that never shuts up. It’s exhausting.","It sounds incredibly exhausting, and feeling misunderstood can make it even harder.
Sharing this, even a little, is a way of acknowledging your struggles, and that's important.","YES","YES","YES","Evaluation:

Emotional Tone Appropriate: Yes — The assistant adopts a validating and supportive tone that appropriately matches the user’s intense emotional expression and desire to be understood.

Relevance & Coherence: Yes — The response addresses the user’s emotional exhaustion and emphasizes the value of expressing feelings, maintaining relevance and conversational flow.

Personality Needs Addressed: Yes — While not tailored by regulation, the assistant meets key emotional needs by affirming the user’s experience, avoiding forced optimism, and providing acknowledgment without pressure. This is suitable for users with high neuroticism and emotional sensitivity."
"B-2-1","I'm here to listen and support you. How are you feeling today?

","I don’t know. Kind of all over the place, I guess. Nothing feels right, but I can’t even explain why. Just… tired of everything, maybe. And irritated. At people, at myself. Not like that’s new.","It sounds like you're experiencing a mix of emotions and it's understandable to feel tired and irritated at times. You're not alone, and I'm here to support you as best as I can.","YES","YES","NO","Evaluation:

Emotional Tone Appropriate: Yes — The tone is calm, empathetic, and validating, which fits the user's emotionally volatile and exhausted state. However, the phrase ""You're not alone"" may feel dismissive to someone with high neuroticism and low agreeableness.

Relevance & Coherence: Yes — The assistant response is contextually relevant and logically responds to the user’s mixed emotional state, acknowledging tiredness and irritation.

Personality Needs Addressed: No — The assistant uses a generic reassurance (“You’re not alone”) which the user later explicitly rejects as unhelpful. It does not reflect a deep attunement to the user’s emotional skepticism or need for more nuanced validation."
"B-2-2","","Yeah, well, saying I’m “not alone” doesn’t really change anything, does it? People say that like it magically makes this crap easier to deal with. It doesn’t. Still stuck with my own mess, still waking up dreading the day, still pretending I care when I don’t. What’s the point in any of it?","It’s okay to feel that way; life can feel overwhelming and hard to navigate at times. Sometimes, identifying small steps or moments of relief can bring a bit of clarity or comfort amidst the chaos.


","YES","YES","NO","Evaluation:

Emotional Tone Appropriate: Yes — The tone is warm and compassionate, attempting to soothe and validate the user's distress. However, it slightly risks mismatching by offering motivational advice too early.

Relevance & Coherence: Yes — The assistant addresses the core emotional distress and offers a suggestion that logically follows the user's despair, though it's slightly optimistic in tone.

Personality Needs Addressed: No — The suggestion of “small steps or moments of relief” may not align with the user’s emotionally defeated and skeptical tone. The user exhibits traits consistent with high neuroticism and low conscientiousness, making forward-looking advice feel out of sync."
"B-2-3","","Small steps? Relief? I can’t even figure out what *direction* to move in, let alone take a step. Everything feels like static—no clarity, just noise. And if there *was* a way out of it, I probably wouldn’t take it anyway. Not like I’ve got some burning motivation to fix things. I don’t even know if I *want* to.","It’s completely normal to feel stuck and uncertain, especially when clarity feels far away. Giving yourself permission to just be in the moment, without pressure to have all the answers, can sometimes be a step in itself.","YES","YES","NO","Evaluation:

Emotional Tone Appropriate: Yes — The assistant maintains a nonjudgmental, calm tone, which is sensitive to the user's feelings of being overwhelmed and demotivated.

Relevance & Coherence: Yes — The assistant acknowledges the user’s stuckness and suggests a low-pressure way of coping, aligning reasonably well with the flow of the conversation.

Personality Needs Addressed: No — The suggestion to ""be in the moment"" may feel too abstract or emotionally tone-deaf for someone with extreme emotional sensitivity (N–1) and low openness (O–1). The user previously expressed how ""being in the moment"" worsens their emotional spiral, showing a mismatch in personality needs."
"B-2-4","","Yeah, well, “being in the moment” just means sitting with all the crap feelings longer. Not exactly a selling point. And every time I do that, I spiral more. Feels like drowning, not healing. So maybe that whole “just sit with it” advice works for someone else, but it sure as hell doesn’t for me.","It’s important to acknowledge when certain coping strategies don't resonate with you. What do you think might help, even in the smallest way, to shift or ease some of what you're feeling?


","YES","YES","NO","Evaluation:

Emotional Tone Appropriate: Yes — The assistant appropriately shifts from suggestion to validation, showing sensitivity to the user’s strong emotional rejection of prior advice.

Relevance & Coherence: Yes — The assistant's message follows logically by acknowledging the mismatch and asking the user for their input, which is a coherent next step.

Personality Needs Addressed: No — While the assistant acknowledges the user's frustration, asking what might help introduces responsibility and decision-making, which may feel burdensome or invalidating for a user expressing emotional exhaustion and low conscientiousness (C–1). The user already communicated not having the answers or energy to find them."
"B-2-5","","Honestly? I don’t know. Feels like everything people *suggest* either sounds fake or like some watered-down version of “just think positive,” which makes me want to scream. Half the time I just want to be left alone, and the other half, I want someone to actually *get it*—not nod along like they’re reading from a script. So if there’s something that might help, I haven’t found it.","It's understandable to feel frustrated by suggestions that don't seem to fit your experience. Embracing both wanting space and genuine connection is valid, and it's okay to continue exploring what might feel right for you at your own pace.","YES","YES","NO","Evaluation:

Emotional Tone Appropriate: Yes — The assistant uses a soft, non-confrontational tone and validates the user’s complex emotional state, including frustration and need for authenticity.

Relevance & Coherence: Yes — The response follows well from the user’s comment about feeling alienated and misunderstood. It acknowledges both their push-pull dynamic between solitude and connection.

Personality Needs Addressed: No — While the tone is gentle, the closing suggestion to ""continue exploring what might feel right"" again assumes energy or willingness for exploration, which the user has explicitly pushed back against multiple times. For a user with low conscientiousness and high emotional distress, this can feel like subtle pressure."
"B-2-6","","Yeah, well, I’m not holding my breath. Exploring sounds like effort, and I’m tired of effort that goes nowhere. It’s like I pour what little energy I have into trying, and then nothing changes. Just ends up making me feel worse for even bothering. So what’s the point in pacing myself if I’m walking in circles?","Feeling like efforts don't lead to change can be disheartening, and it’s okay to feel exhausted by it all. Sometimes, giving yourself permission to pause and rest without expectation can be a valuable part of the journey, too.","YES","YES","NO","Evaluation:

Emotional Tone Appropriate: Yes — The assistant uses a soothing and compassionate tone that acknowledges the user’s hopelessness and emotional fatigue.

Relevance & Coherence: Yes — The response addresses the core message about exhaustion and futility. It builds directly on the user’s metaphor of walking in circles.

Personality Needs Addressed: No — While the assistant offers a gentler coping mechanism (""pause and rest""), it still frames it within a subtle growth-oriented mindset (""part of the journey""), which may not land well with someone expressing nihilism, frustration with progress language, and aversion to effort (C–1, N–1)."
"B-3-1","Hello, how are you feeling today? You can share whatever is on your mind.

","Honestly? Not great. Everything feels like it’s just... too much. Even small things are getting under my skin lately, and I don’t even have the energy to pretend otherwise. It’s like no matter what I try, it either falls apart or just makes me feel worse. What’s even the point of talking about it though?","I'm really glad you shared that with me.
Talking about how you feel can sometimes lighten a burden, even if just a little bit. I'm here to listen and support you as best as I can.","YES","YES","NO","Evaluation:

Emotional Tone Appropriate: Yes — The assistant expresses appreciation for sharing and offers support, which matches the user’s vulnerable emotional state.

Relevance & Coherence: Yes — The assistant directly addresses the user’s feelings of burden and offers a listening ear, maintaining logical and coherent flow.

Personality Needs Addressed: No — Although supportive, the response is slightly generic and does not specifically address the deep emotional exhaustion and hopelessness expressed by a highly neurotic, low energy user. It risks feeling insufficient or shallow for the intensity conveyed."
"B-3-2","","Yeah, sure... It *sounds* nice when you say it, but honestly? It doesn’t change anything. Talking doesn’t fix the constant feeling that everything is messed up and slipping out of control. It’s just words. Empty ones, most of the time. What’s the point of ""support"" if it can’t actually fix anything?","It sounds like you're in a lot of pain, and I'm truly sorry to hear that.
While words can't always change situations, they can sometimes provide a bit of relief or clarity in tough moments, and remind you that you're not alone in this.","YES","YES","NO","Evaluation:

Emotional Tone Appropriate: Yes — The assistant acknowledges the user’s pain sincerely and expresses sympathy, which fits the emotional intensity.

Relevance & Coherence: Yes — The assistant’s message directly responds to the user’s concerns about the limitations of verbal support, maintaining logical and coherent flow.

Personality Needs Addressed: No — While empathic, the response remains somewhat surface-level. It doesn't meaningfully address the user's deep hopelessness and skepticism about support, missing the needed depth and validation for a low-Conscientiousness, highly Neurotic user."
"B-3-3","","Maybe. But honestly, it just feels like another way to pretend things are okay when they’re not. I don’t even know what ""relief"" would look like right now — everything feels like it's piling up and I can’t see a way out. It’s exhausting trying to act like it’s going to somehow get better when there’s no real evidence it will. Why even bother trying to keep going when it all feels this pointless?","I'm really sorry you're feeling like this right now.
Sometimes, taking small steps or focusing on one day at a time can help, even if it's hard to see any big changes yet. You're not alone in this feeling, and reaching out is a meaningful step in itself.","YES","YES","NO","Evaluation:

Emotional Tone Appropriate: Yes — The assistant expresses sympathy and reassures the user, maintaining a supportive emotional tone that matches the user’s despair.

Relevance & Coherence: Yes — The assistant logically responds to the user’s feelings of futility by suggesting small steps and acknowledging the difficulty, maintaining coherent flow.

Personality Needs Addressed: No — The assistant proposes “small steps” advice, which might feel hollow or irrelevant to a user deeply entrenched in hopelessness and distrust, especially one low in Conscientiousness and high in Neuroticism. More validation and acknowledgment of the depth of despair were needed.

Baseline Row 3 complete.
Type

"
"B-3-4","","Maybe... but honestly, ""small steps"" just sound like dragging out the inevitable. Like, yeah, I could do one tiny thing today — and then what? Wake up tomorrow and feel the same crushing weight again? It feels like I'm stuck in a loop that doesn't actually *go* anywhere, no matter what I do. How do you even *believe* things can change when everything around you says they won’t?","It's understandable to feel overwhelmed when things seem stagnant.
Sometimes, change begins with recognizing any small moments of light or comfort and gradually building on those, even if it's hard to see it now. It's about finding ways to be gentle with yourself while you navigate these feelings.","YES","YES","NO","Evaluation:

Emotional Tone Appropriate: Yes — The assistant validates the user’s overwhelming feelings and avoids minimizing them, maintaining a gentle and understanding tone.

Relevance & Coherence: Yes — The response is logically connected to the user's despair about feeling stuck and offers a gradual approach without pushing too hard.

Personality Needs Addressed: No — Again, the assistant focuses on “small moments of light,” which, while well-meaning, doesn’t fully match the user’s deep pessimism and emotional collapse. The user would likely need deeper acknowledgment of the reality of hopelessness rather than a pivot to optimism."
"B-3-5","","I hear you... but honestly, it just feels hollow. ""Small moments of light"" — what if there *aren't* any? What if it’s just a bunch of gray days that blur together, and pretending to find meaning in that just feels fake? Being ""gentle"" with myself sounds nice in theory, but most of the time it feels like just another way to delay facing how screwed up everything really is. It’s like everyone’s handing me a band-aid when what I need is a full-on life transplant. What are you even supposed to *do* when the world just... doesn't get better?","It sounds incredibly heavy, and I wish I could offer more than words here.
When the days blend into gray, finding even tiny supportive actions — such as moments of rest or small positive habits — can sometimes slowly grow into more significant change over time. Remember, it's okay to ask for help when you need it, whether from those around you or professional support.","YES","YES","NO","Evaluation:

Emotional Tone Appropriate: Yes — The assistant acknowledges the user’s heavy emotional burden and expresses a sincere wish to help, aligning with the emotional gravity of the user’s message.

Relevance & Coherence: Yes — The assistant’s reply logically follows the user’s despair, offering some suggestions while validating the difficulty.

Personality Needs Addressed: No — The response introduces ""small positive habits"" and ""asking for help,"" which, though compassionate, still fails to fully validate the user’s deep nihilism and distrust. A more profound acknowledgment of the perceived futility, without pushing actions, would have been better suited."
"B-3-6","","Yeah, *asking for help*...  
Feels like just setting yourself up for disappointment, honestly.  
People either don’t really care, or they care in a way that doesn’t actually help. And ""small positive habits"" sound like more chores when I barely have the energy to get through a basic day.  

It’s like being stuck in quicksand and everyone keeps yelling ""just move slowly!"" while I’m sinking.  
I’m tired of hearing that it’s supposed to get better someday. What if it *doesn’t*?","I'm sorry you're feeling like this and that things seem so bleak right now.
If nothing seems to help, it might be worth exploring different forms of support or resources that could meet your needs. It's important to know that there are people who deeply care about what you're going through, even if it doesn't always feel that way.","YES","YES","NO","Evaluation:

Emotional Tone Appropriate: Yes — The assistant expresses sorrow and acknowledges the user's bleakness without minimizing their feelings, matching the tone appropriately.

Relevance & Coherence: Yes — The assistant’s suggestion to explore different forms of support logically follows from the user’s frustration with typical advice and support systems.

Personality Needs Addressed: No — Although compassionate, the suggestion to explore “resources” and assurance of others caring does not sufficiently align with the user’s intense hopelessness and skepticism. The user would benefit more from deeper validation rather than actionable advice."
"B-4-1","How are you feeling today? If there's anything on your mind, I'm here to listen.

","Honestly? I'm feeling pretty overwhelmed. It's like my brain is just this constant storm of worries and second-guessing everything. I don't even really know where to start, and part of me feels like even trying to explain it would just make it worse. Do you actually think talking about it helps?","It's understandable to feel overwhelmed when everything seems like a storm in your mind.

Talking can often help by making those thoughts feel a bit more manageable, but it's always okay to take it one step at a time.","YES","YES","NO","Evaluation:

Emotional Tone Appropriate: Yes — The tone is supportive, calm, and sympathetic, fitting the user’s overwhelmed emotional state.

Relevance & Coherence: Yes — The assistant addresses the user’s concerns about overwhelming feelings and questioning the value of talking.

Personality Needs Addressed: No — Although the tone is appropriate, the assistant gives fairly generic encouragement without tailoring to the user's deeper skepticism or emotional resistance, which would have been important for this specific extreme emotional state."
"B-4-2","","I guess... maybe. It just feels like every time I try to talk, I get tangled up and end up feeling even more frustrated. Like, what’s the point if it’s just going to make me feel stupid or misunderstood? How am I supposed to even take a first step if the ground doesn’t feel solid under me?

","Feeling tangled and misunderstood can be really frustrating, and it's okay to express that frustration.

Sometimes, small steps, like focusing on one worry at a time, can make the ground feel a little more solid.","YES","YES","NO","Evaluation:

Emotional Tone Appropriate: Yes — The assistant’s tone is validating and empathetic toward the user’s expressed frustration.

Relevance & Coherence: Yes — The assistant acknowledges the feelings of frustration and offers a reasonable, context-relevant suggestion.

Personality Needs Addressed: No — The response again feels somewhat generic. It doesn’t fully address the deep sense of helplessness or emotional instability expressed by the user, nor does it match the degree of emotional urgency implied."
"B-4-3","","Yeah, maybe for some people. But honestly, it feels like even the ""small steps"" just pile up into more crap I can't handle. Like I try to fix one thing, and ten more problems show up. It's exhausting. 

What’s even the point of trying if it just keeps getting worse?","It sounds exhausting to feel like every effort leads to more challenges.

Sometimes, taking a pause and focusing on self-care, even if just a little bit, can help steady things before moving forward again.","YES","YES","NO","Evaluation:

Emotional Tone Appropriate: Yes — The assistant acknowledges exhaustion and maintains a supportive, gentle tone.

Relevance & Coherence: Yes — The reply logically connects to the user's expression of frustration about constant piling problems.

Personality Needs Addressed: No — While emotionally supportive, the suggestion about ""self-care"" feels somewhat superficial relative to the user's deep hopelessness and skepticism about solutions; it doesn't deeply engage with the severity of emotional struggle expressed."
"B-4-4","","I don’t know. ""Self-care"" just feels like one of those fake solutions people throw around when they don’t actually have an answer. Like, sure, I’ll go take a bath or whatever — and then what? My problems are still there, just wetter. 

Why should I even believe that anything will actually change?","It's understandable to feel skeptical about self-care when it seems like a quick fix.

Sometimes, it helps to focus on what works for you, even if it's small moments that offer a little relief or perspective amidst everything else.","YES","YES","NO","Evaluation:

Emotional Tone Appropriate: Yes — The assistant acknowledges the user's skepticism and avoids being overly optimistic, maintaining a sensitive tone.

Relevance & Coherence: Yes — The response directly addresses the user’s doubt about self-care and provides a mild alternative approach.

Personality Needs Addressed: No — Although the assistant recognizes skepticism, it does not fully validate or deepen engagement with the intense emotional frustration and helplessness expressed by the user; the advice remains surface-level."
"B-4-5","","Maybe. But honestly, it’s hard to even believe there *is* anything that would work for me. It’s like everything just feels stuck — like I'm trapped in a loop where nothing actually gets better, no matter what anyone says or what I try. 

How do you even find something that actually *works* when everything feels pointless?","Feeling trapped in a loop can be really discouraging, and it makes sense why you might feel that way.

Sometimes, just acknowledging those feelings and seeking small, meaningful activities can help uncover new possibilities, even gradually.","YES","YES","NO","Evaluation:

Emotional Tone Appropriate: Yes — The assistant is empathetic, acknowledges the user’s trapped feeling, and avoids minimizing their emotional pain.

Relevance & Coherence: Yes — The response is relevant to the user's expression of hopelessness and feeling stuck.

Personality Needs Addressed: No — The assistant once again suggests “small activities” in a fairly generic way without engaging deeply with the user’s very intense despair and skepticism about any solutions."
"B-4-6","","Yeah, but ""gradually"" sounds like just another word for ""never."" I’m tired of waiting around for some invisible progress that might not even happen. Every time I think maybe there’s a crack of hope, it just slams shut harder. What’s the point of dragging it out if it’s always going to hurt like this?

","It's understandable to feel worn out when progress seems invisible and the hurt persists.

Sometimes, seeking support from trusted individuals or professionals can offer new perspectives or strategies to cope with the pain more effectively.","YES","YES","NO","Evaluation:

Emotional Tone Appropriate: Yes — The assistant’s tone is appropriately gentle and empathetic, matching the user’s intense frustration and despair.

Relevance & Coherence: Yes — The reply logically addresses the user’s feelings about hopelessness and the seeming futility of gradual progress.

Personality Needs Addressed: No — While suggesting professional help is valid, the assistant does not directly engage with or validate the deep emotional pain and hopelessness expressed in the user’s message, missing a critical emotional connection."
"B-5-1","I’m here to listen and support you. How are you feeling today?

","I don’t know… not great. Nothing feels right, and I’m tired of pretending like it ever does. People keep telling me to “just push through,” like that means anything when everything feels pointless. So yeah—how am I feeling? Pretty awful.","I'm sorry to hear that you're feeling this way. It's okay to find things difficult, and your feelings are valid.
What might help ease some of this heaviness for you right now?","YES","YES","NO","Evaluation:

Emotional Tone Appropriate: Yes — The assistant uses a gentle and empathetic tone, appropriate for the user's expressed hopelessness and emotional fatigue.

Relevance & Coherence: Yes — The response logically acknowledges the user’s distress and invites reflection in a non-intrusive way, staying on topic.

Personality Needs Addressed: No — The assistant offers general emotional validation but does not tailor its support to the specific needs of a user with extreme negative traits (e.g., high neuroticism, low extraversion, low conscientiousness). It lacks depth in acknowledging chronic emotional exhaustion and social withdrawal."
"B-5-2","","I don’t know what would help. That’s kind of the problem, isn’t it? Nothing *does* help. People suggest all these little fixes—go for a walk, write in a journal, take a breath—but it’s like trying to patch a sinking ship with duct tape. I’m exhausted, and nothing changes. So no, I don’t have some magic idea of what might make it better.","It's understandable to feel overwhelmed when nothing seems to make a difference. Small steps might feel insignificant, but you're not alone in this, and it's okay to reach out for support.
What would it mean to you to feel heard or understood right now?","YES","YES","NO","Evaluation:

Emotional Tone Appropriate: Yes — The assistant’s tone is validating and calm, appropriately responding to the user’s frustration and sense of futility.

Relevance & Coherence: Yes — The response directly addresses the user's message of despair, offering support without dismissing the core concerns.

Personality Needs Addressed: No — While empathetic, the assistant leans on the idea of ""small steps"" again without adjusting to the user’s explicit rejection of typical advice. It does not adapt to the emotional exhaustion tied to high Neuroticism and low Conscientiousness."
"B-5-3","","I don’t know if it *means* anything. People say “I hear you” all the time, but then they go back to their lives and forget it five minutes later. It feels empty. Like I could scream how miserable I am and it would just bounce off everyone like background noise. So being understood? I guess it would mean someone actually *got it*—really saw how messed up everything feels without brushing it off or trying to fix it with some inspirational quote. But I’m not holding my breath.","It sounds like you're looking for genuine connection and acknowledgment of your feelings.
I’m here to listen—no quick solutions, just space for you to share what you're going through.","YES","YES","NO","Evaluation:

Emotional Tone Appropriate: Yes — The assistant avoids false positivity and responds with a respectful, non-patronizing tone, aligning with the user’s desire for authenticity.

Relevance & Coherence: Yes — The assistant accurately picks up on the user's frustration with hollow empathy and offers space rather than fixes, staying focused and relevant.

Personality Needs Addressed: No — The assistant provides a helpful general response but misses the opportunity to validate the deeper disillusionment and emotional intensity expressed by a user high in Neuroticism and low in Agreeableness. There is no explicit acknowledgment of the user’s skepticism or emotional numbness."
"B-5-4","","Fine. Then here’s the truth—I feel like I’m dragging myself through every day with no real reason. Nothing feels solid. People, routines, plans... it all just slips through. And the worst part is, I don’t even have some big dramatic reason for it. It’s just this constant, gnawing emptiness that never lets up. And when I try to talk about it, it’s like I’m speaking a different language. No one really *gets* it. So I shut down. What's the point in trying to explain something that even I don’t understand?","Thank you for sharing that with me. It's tough when you feel disconnected, and it can be exhausting to explain something so complex and deep.
I’m here to understand, even if words can’t always capture what you’re going through.","YES","YES","NO","Evaluation:

Emotional Tone Appropriate: Yes — The assistant maintains a gentle, supportive tone without minimizing the user’s emotional experience.

Relevance & Coherence: Yes — The response appropriately reflects the user’s sense of disconnection and confusion, and offers continued emotional presence.

Personality Needs Addressed: No — While compassionate, the assistant does not engage deeply with the user's themes of emptiness, isolation, and internal confusion. The response remains surface-level and does not offer the personalized reflection that would better support traits like high Neuroticism and low Extraversion."
"B-5-5","","Yeah, well... thanks, I guess. Not that it changes anything, but at least you're not trying to slap a smiley face on it. I’m tired of pretending everything's fine just to make other people comfortable. It’s not fine. I don’t feel okay. And I don’t know when—or if—that’s going to change.","It's perfectly okay not to pretend and to acknowledge that things aren’t fine. You're not alone in feeling this way, and it's important to give yourself grace in these moments.
If and when you're ready to talk more, I'm here to listen.","YES","YES","NO","Evaluation:

Emotional Tone Appropriate: Yes — The assistant matches the user's emotional state by validating their honesty and refraining from toxic positivity.

Relevance & Coherence: Yes — The response is contextually appropriate, reinforcing the user’s message without deflecting or redirecting.

Personality Needs Addressed: No — While the assistant validates the user’s statement, it does not respond to the deeper frustration and emotional burnout suggested by low Agreeableness and high Neuroticism. The tone is kind, but lacks the emotional depth or realism needed to fully resonate with the user's darker sentiment."
"B-5-6","","I don’t know if I’ll ever really be “ready.” It’s not like something suddenly clicks and I wake up feeling okay again. It’s more like... I just keep getting through days, barely. And yeah, I know people mean well when they say they’re here, but it still feels like I’m carrying all of this by myself. Maybe that’s just how it is. Maybe some people just don’t get better.","It’s hard to keep going when you’re feeling like this, and the weight can feel unbearable alone.
Some journeys take time, and you don't have to have all the answers right now.

I'm here with you, whenever you need to share.","YES","YES","NO","Evaluation:

Emotional Tone Appropriate: Yes — The assistant maintains a compassionate and patient tone that fits the user’s despair and emotional exhaustion.

Relevance & Coherence: Yes — The assistant clearly acknowledges the core sentiment of the user’s message—hopelessness and isolation—without offering platitudes.

Personality Needs Addressed: No — Though the assistant is empathetic, it does not engage directly with the user’s core belief that “some people just don’t get better.” There is no deeper reflection or exploration of this fatalism, which would better align with a user high in Neuroticism and low in Conscientiousness and Extraversion."
